geometry,method,iteration,simulated_time,train_acc_mean,train_acc_sd,test_acc_mean,test_acc_sd,n_repeats
unit ball,Projected SGLD,0,0.0,0.49674999999999997,0.062149522373974295,0.491475,0.0687038136870983,100
unit ball,Projected SGLD,10,0.001,0.59099375,0.03935651672563582,0.5821999999999999,0.045250816165417,100
unit ball,Projected SGLD,20,0.002,0.649975,0.013564206183700514,0.6387999999999999,0.020678149302726746,100
unit ball,Projected SGLD,30,0.003,0.66410625,0.007970438893121878,0.6516500000000001,0.01172183923927962,100
unit ball,Projected SGLD,40,0.004,0.6665687500000002,0.005499436811156124,0.654525,0.009209233124830477,100
unit ball,Projected SGLD,50,0.005,0.6671687500000002,0.006248393101510985,0.6539999999999999,0.011337343319109358,100
unit ball,Projected SGLD,60,0.006,0.66734375,0.006303041969413006,0.6555,0.01064818474594795,100
unit ball,Projected SGLD,70,0.007,0.66685,0.006607168207119577,0.6552499999999999,0.009069735443225523,100
unit ball,Projected SGLD,80,0.008,0.6686625,0.005308521237338389,0.65565,0.010210041601039126,100
unit ball,Projected SGLD,90,0.009000000000000001,0.66778125,0.005086355751995586,0.65605,0.010524022543925433,100
unit ball,Projected SGLD,100,0.01,0.6685625000000001,0.004956009131867239,0.6538500000000002,0.010441153038227001,100
unit ball,Projected SGLD,110,0.011000000000000001,0.6690062499999999,0.005486938548392754,0.653725,0.010674801585457642,100
unit ball,Projected SGLD,120,0.012,0.6680687499999999,0.005056573098702841,0.6546000000000001,0.00989668855953569,100
unit ball,Projected SGLD,130,0.013000000000000001,0.6689750000000001,0.005404648672460339,0.65555,0.010621946976696774,100
unit ball,Projected SGLD,140,0.014,0.6689562499999999,0.0061923190600056315,0.6535500000000001,0.010151503844408005,100
unit ball,Projected SGLD,150,0.015000000000000001,0.6692875,0.005334472534583169,0.6556000000000001,0.010126223582382732,100
unit ball,Projected SGLD,160,0.016,0.6681812500000001,0.005135548241906557,0.6546,0.010622779031093254,100
unit ball,Projected SGLD,170,0.017,0.66815625,0.005461914017526137,0.6544,0.010445384655725264,100
unit ball,Projected SGLD,180,0.018000000000000002,0.667825,0.005703700287506077,0.6534,0.011819988206936645,100
unit ball,Projected SGLD,190,0.019,0.6680999999999999,0.005261411359602048,0.6550750000000001,0.010021788132550875,100
unit ball,Projected SGLD,200,0.02,0.6689687499999999,0.006209702792827729,0.65435,0.010592426301348297,100
unit ball,Projected SGLD,210,0.021,0.668875,0.006160982228525098,0.6539,0.008655295570582294,100
unit ball,Projected SGLD,220,0.022000000000000002,0.66866875,0.005035899374751866,0.654125,0.009254912700339707,100
unit ball,Projected SGLD,230,0.023,0.66813125,0.005671799563666192,0.6551999999999998,0.009611651178847396,100
unit ball,Projected SGLD,240,0.024,0.6687312499999999,0.0053251705703700565,0.65455,0.009830508068705758,100
unit ball,Projected SGLD,250,0.025,0.6688312499999999,0.005277685987372975,0.6550250000000001,0.009799086485973899,100
unit ball,Projected SGLD,260,0.026000000000000002,0.6689812500000001,0.005422967634715488,0.6539499999999999,0.010649251882482908,100
unit ball,Projected SGLD,270,0.027,0.6684374999999999,0.00537535234926864,0.6551,0.010718623460542356,100
unit ball,Projected SGLD,280,0.028,0.6693124999999999,0.004753636964886925,0.6550750000000001,0.009234972778640028,100
unit ball,Projected SGLD,290,0.029,0.6680687500000001,0.005892620122370489,0.6555249999999999,0.010913427694377432,100
unit ball,Projected SGLD,300,0.030000000000000002,0.66778125,0.005410380239022771,0.656075,0.011005364853359281,100
unit ball,Projected SGLD,310,0.031,0.6676812500000001,0.004944686944314338,0.6544500000000001,0.01027144221872106,100
unit ball,Projected SGLD,320,0.032,0.667975,0.005689598208817368,0.653125,0.01060883351197711,100
unit ball,Projected SGLD,330,0.033,0.668675,0.0051777739844786055,0.6544,0.008646538397684148,100
unit ball,Projected SGLD,340,0.034,0.6694062500000002,0.004989236362643406,0.6547499999999999,0.010122357492803808,100
unit ball,Projected SGLD,350,0.035,0.6677625,0.005491312583425652,0.654475,0.010626195714061336,100
unit ball,Projected SGLD,360,0.036000000000000004,0.668275,0.00518069941848072,0.6548249999999999,0.009602286922468747,100
unit ball,Projected SGLD,370,0.037000000000000005,0.6680062499999999,0.005577942190295879,0.6524500000000001,0.00921803787268323,100
unit ball,Projected SGLD,380,0.038,0.6692125000000001,0.004153976888464714,0.653925,0.00966780949357405,100
unit ball,Projected SGLD,390,0.039,0.6672687500000001,0.005835805076976494,0.6541,0.010651267293120343,100
unit ball,Projected SGLD,400,0.04,0.6687625,0.005423204096912418,0.6546750000000001,0.010834236559083518,100
unit ball,Projected SGLD,410,0.041,0.669475,0.00554176634679091,0.6536749999999999,0.010591442848647286,100
unit ball,Projected SGLD,420,0.042,0.6688937499999998,0.005746688083302212,0.6555250000000001,0.010083583768490332,100
unit ball,Projected SGLD,430,0.043000000000000003,0.6696437500000001,0.005491366473378872,0.6533000000000001,0.009520578456239635,100
unit ball,Projected SGLD,440,0.044000000000000004,0.6688562499999999,0.005785828619623687,0.6551249999999998,0.01034978529031186,100
unit ball,Projected SGLD,450,0.045000000000000005,0.6694249999999999,0.005488797130464378,0.655275,0.0101060975193547,100
unit ball,Projected SGLD,460,0.046,0.6691812500000001,0.005403316152319712,0.6544000000000001,0.009956470917514566,100
unit ball,Projected SGLD,470,0.047,0.66770625,0.005866420637704464,0.654075,0.010592634900789055,100
unit ball,Projected SGLD,480,0.048,0.66796875,0.005556453131406322,0.6545000000000001,0.010522942707832415,100
unit ball,Projected SGLD,490,0.049,0.6681625,0.005113778056398318,0.654525,0.009934730174310912,100
unit ball,Projected SGLD,500,0.05,0.6686624999999999,0.005235173267563751,0.6539999999999999,0.008667540748462783,100
unit ball,Projected SGLD,510,0.051000000000000004,0.6680812500000001,0.006242580823738615,0.6533749999999999,0.010306998455986944,100
unit ball,Projected SGLD,520,0.052000000000000005,0.6688562500000002,0.005911312531575338,0.65515,0.010852663407214988,100
unit ball,Projected SGLD,530,0.053000000000000005,0.6683687500000001,0.005806822197017728,0.6557999999999999,0.009169283373075437,100
unit ball,Projected SGLD,540,0.054,0.6694687500000001,0.005884767160459981,0.654175,0.00956803785971025,100
unit ball,Projected SGLD,550,0.055,0.6690375000000001,0.005025518843509065,0.655425,0.009388197781031128,100
unit ball,Projected SGLD,560,0.056,0.6683875,0.0057551442732620165,0.65545,0.01065636339508376,100
unit ball,Projected SGLD,570,0.057,0.6685000000000002,0.005139315434113098,0.65735,0.010068076361259969,100
unit ball,Projected SGLD,580,0.058,0.66830625,0.004986799968593851,0.6573750000000002,0.010227062287397257,100
unit ball,Projected SGLD,590,0.059000000000000004,0.6674374999999999,0.00582080635446341,0.6553000000000001,0.01094799460442807,100
unit ball,Projected SGLD,600,0.060000000000000005,0.6687937500000001,0.005729084021442473,0.65435,0.01049663245661641,100
unit ball,Projected SGLD,610,0.061000000000000006,0.66726875,0.005934362541609046,0.6525250000000001,0.010519912575970429,100
unit ball,Projected SGLD,620,0.062,0.668325,0.006161545785324202,0.6539499999999998,0.011482199662560713,100
unit ball,Projected SGLD,630,0.063,0.6685,0.005762557653253514,0.655425,0.010175573594633282,100
unit ball,Projected SGLD,640,0.064,0.6681937499999998,0.0061004164195917155,0.6559999999999999,0.009930312739844165,100
unit ball,Projected SGLD,650,0.065,0.6686937499999999,0.005645022585196077,0.6542250000000002,0.010863565043508763,100
unit ball,Projected SGLD,660,0.066,0.66831875,0.005396008830654839,0.654125,0.008778812590837706,100
unit ball,Projected SGLD,670,0.067,0.66798125,0.00467779297950336,0.652975,0.010185743403741765,100
unit ball,Projected SGLD,680,0.068,0.668875,0.005850219066950664,0.654375,0.010380239336685299,100
unit ball,Projected SGLD,690,0.069,0.66871875,0.005398699075198158,0.6553,0.010959521481849074,100
unit ball,Projected SGLD,700,0.07,0.6684375000000001,0.005123552394717371,0.655,0.010112997936948637,100
unit ball,Projected SGLD,710,0.07100000000000001,0.6683625000000001,0.005005347519191728,0.6554999999999999,0.009501461875826156,100
unit ball,Projected SGLD,720,0.07200000000000001,0.6693124999999999,0.00537608633607472,0.65435,0.009663662019977922,100
unit ball,Projected SGLD,730,0.07300000000000001,0.66811875,0.0061104980609628205,0.6530000000000001,0.01061849919962917,100
unit ball,Projected SGLD,740,0.07400000000000001,0.6691062499999998,0.0052654107332091304,0.654075,0.010717062530979725,100
unit ball,Projected SGLD,750,0.075,0.6680062499999998,0.0061331854962008185,0.6553500000000001,0.0106897241320907,100
unit ball,Projected SGLD,760,0.076,0.6682250000000001,0.005552435992836429,0.6546000000000001,0.010345789169287847,100
unit ball,Projected SGLD,770,0.077,0.66835625,0.004938586697956444,0.6555250000000001,0.009026441237505602,100
unit ball,Projected SGLD,780,0.078,0.6683937500000002,0.004765868463312426,0.6561499999999999,0.010697989049207796,100
unit ball,Projected SGLD,790,0.079,0.66858125,0.005357231465717411,0.6536,0.009315730152963235,100
unit ball,Projected SGLD,800,0.08,0.6690999999999998,0.0057380750300518885,0.65605,0.009375580790090574,100
unit ball,Projected SGLD,810,0.081,0.6686374999999998,0.005286444571933123,0.6545000000000001,0.010292441082383884,100
unit ball,Projected SGLD,820,0.082,0.66829375,0.005085952349413533,0.6537249999999999,0.009397876130146424,100
unit ball,Projected SGLD,830,0.083,0.6689375000000001,0.005106581834290237,0.6571499999999999,0.010772087949319714,100
unit ball,Projected SGLD,840,0.084,0.668225,0.00560407161685758,0.65675,0.00917355113377805,100
unit ball,Projected SGLD,850,0.085,0.6684125000000001,0.005610897023118536,0.6542,0.008541934585598663,100
unit ball,Projected SGLD,860,0.08600000000000001,0.6679999999999999,0.005466697847287283,0.6540749999999999,0.009774315703656583,100
unit ball,Projected SGLD,870,0.08700000000000001,0.66924375,0.005180832699684601,0.653575,0.01040381024801817,100
unit ball,Projected SGLD,880,0.08800000000000001,0.6685125,0.005737703694586253,0.65495,0.011997369240248832,100
unit ball,Projected SGLD,890,0.08900000000000001,0.66830625,0.005609402477001436,0.6557999999999999,0.009891328719559573,100
unit ball,Projected SGLD,900,0.09000000000000001,0.6684375000000001,0.0045923636934512594,0.6560250000000001,0.011090166496914878,100
unit ball,Projected SGLD,910,0.091,0.6681750000000001,0.005764392396165417,0.6556000000000001,0.009828838212426779,100
unit ball,Projected SGLD,920,0.092,0.6680125,0.005785368277915512,0.6549,0.010193333135144783,100
unit ball,Projected SGLD,930,0.093,0.6677624999999999,0.005900037985667821,0.655825,0.010019268053267789,100
unit ball,Projected SGLD,940,0.094,0.6685562499999999,0.005481614558612448,0.6553999999999999,0.010185898352748537,100
unit ball,Projected SGLD,950,0.095,0.6679,0.005615887680896439,0.654825,0.009137384359284288,100
unit ball,Projected SGLD,960,0.096,0.66804375,0.005297088459615327,0.6548,0.010160827930952496,100
unit ball,Projected SGLD,970,0.097,0.6678312500000001,0.0055130233494898396,0.6551999999999998,0.010869287655656845,100
unit ball,Projected SGLD,980,0.098,0.66865625,0.006808606755201076,0.654325,0.010492030405036112,100
unit ball,Projected SGLD,990,0.099,0.6676437500000002,0.005899820634792826,0.6544,0.010126223582382732,100
unit ball,Projected SGLD,1000,0.1,0.6686624999999999,0.005415224166899997,0.654825,0.010176814359368586,100
unit ball,Non-reversible SGLD,0,0.0,0.49674999999999997,0.062149522373974295,0.491475,0.0687038136870983,100
unit ball,Non-reversible SGLD,10,0.001,0.5569062499999999,0.042911644215530856,0.555275,0.04543545621888463,100
unit ball,Non-reversible SGLD,20,0.002,0.5828437500000001,0.039528608003501005,0.57435,0.043608711250961045,100
unit ball,Non-reversible SGLD,30,0.003,0.5952999999999999,0.033088528139590075,0.5879,0.04332855451504972,100
unit ball,Non-reversible SGLD,40,0.004,0.5976374999999999,0.035413166048031554,0.5896250000000001,0.04081612964740704,100
unit ball,Non-reversible SGLD,50,0.005,0.6022187500000001,0.0321029277777988,0.59365,0.035254163734317404,100
unit ball,Non-reversible SGLD,60,0.006,0.60439375,0.029150760679083357,0.594825,0.04107497302605212,100
unit ball,Non-reversible SGLD,70,0.007,0.6059375,0.03139631152739526,0.5946999999999999,0.03454480328998031,100
unit ball,Non-reversible SGLD,80,0.008,0.6057437499999999,0.03149195411413473,0.5976500000000001,0.03625425784816471,100
unit ball,Non-reversible SGLD,90,0.009000000000000001,0.6081437499999999,0.03133063523501874,0.596125,0.03717175362660158,100
unit ball,Non-reversible SGLD,100,0.01,0.60959375,0.029563770607157445,0.6048250000000001,0.03329022781052674,100
unit ball,Non-reversible SGLD,110,0.011000000000000001,0.607325,0.03159295148183109,0.599075,0.03644848135285328,100
unit ball,Non-reversible SGLD,120,0.012,0.6053562499999999,0.02976195209682383,0.599675,0.03795707137908255,100
unit ball,Non-reversible SGLD,130,0.013000000000000001,0.60506875,0.03456768710961996,0.592275,0.0413229688251613,100
unit ball,Non-reversible SGLD,140,0.014,0.6057187500000001,0.03371916555828406,0.5965,0.04124177297818122,100
unit ball,Non-reversible SGLD,150,0.015000000000000001,0.6053875,0.02813780292209803,0.5999999999999999,0.03634674481416263,100
unit ball,Non-reversible SGLD,160,0.016,0.5995062499999999,0.03478086783507726,0.5921500000000001,0.04217121786433985,100
unit ball,Non-reversible SGLD,170,0.017,0.6048374999999999,0.029764519311564312,0.597225,0.03286199910000128,100
unit ball,Non-reversible SGLD,180,0.018000000000000002,0.6028000000000001,0.028341197660799105,0.5972000000000001,0.03566694987143298,100
unit ball,Non-reversible SGLD,190,0.019,0.602725,0.03091200038297049,0.5926750000000001,0.0348377462044556,100
unit ball,Non-reversible SGLD,200,0.02,0.6089875,0.03187466329788497,0.5982999999999999,0.03535691037281272,100
unit ball,Non-reversible SGLD,210,0.021,0.6083937500000001,0.02920739242745946,0.5973250000000001,0.036274164707854065,100
unit ball,Non-reversible SGLD,220,0.022000000000000002,0.60861875,0.03166670342402173,0.596525,0.037111446612830515,100
unit ball,Non-reversible SGLD,230,0.023,0.6027625000000001,0.03253424041287001,0.595725,0.03607528428666414,100
unit ball,Non-reversible SGLD,240,0.024,0.6053250000000001,0.03273353352712959,0.6026499999999999,0.038400501101528414,100
unit ball,Non-reversible SGLD,250,0.025,0.6045437499999999,0.029772370711200535,0.59485,0.03373212208868663,100
unit ball,Non-reversible SGLD,260,0.026000000000000002,0.60565,0.02910137714121364,0.5960249999999999,0.0321633594625809,100
unit ball,Non-reversible SGLD,270,0.027,0.6049625000000001,0.035738049408229465,0.5941500000000002,0.03623579484822746,100
unit ball,Non-reversible SGLD,280,0.028,0.6066125,0.030467369011697564,0.6007250000000001,0.0378982139580762,100
unit ball,Non-reversible SGLD,290,0.029,0.60655,0.03446716066259903,0.597575,0.035599935804618094,100
unit ball,Non-reversible SGLD,300,0.030000000000000002,0.6034999999999999,0.03207398525757331,0.601425,0.0361206854051998,100
unit ball,Non-reversible SGLD,310,0.031,0.60155625,0.034364093196234576,0.5926,0.043339043912766786,100
unit ball,Non-reversible SGLD,320,0.032,0.6018124999999999,0.03290485739448684,0.5987499999999999,0.04005283757712801,100
unit ball,Non-reversible SGLD,330,0.033,0.6047499999999999,0.034343132611568176,0.597475,0.036133337177121576,100
unit ball,Non-reversible SGLD,340,0.034,0.60646875,0.027958101176609174,0.5987250000000001,0.03818729593342622,100
unit ball,Non-reversible SGLD,350,0.035,0.60565,0.030811560699310132,0.5942,0.03938427620410475,100
unit ball,Non-reversible SGLD,360,0.036000000000000004,0.6059687500000001,0.03426323370652247,0.59835,0.0377495401002155,100
unit ball,Non-reversible SGLD,370,0.037000000000000005,0.6027625,0.03356937966752776,0.5923,0.0401271338209804,100
unit ball,Non-reversible SGLD,380,0.038,0.60541875,0.03427689800810571,0.5977250000000001,0.038550267263154046,100
unit ball,Non-reversible SGLD,390,0.039,0.60186875,0.0334838569907541,0.59355,0.04277935521163489,100
unit ball,Non-reversible SGLD,400,0.04,0.600625,0.030088909707294775,0.5961000000000001,0.04282970742818398,100
unit ball,Non-reversible SGLD,410,0.041,0.6017,0.03247669133082956,0.5983249999999999,0.0382691409162088,100
unit ball,Non-reversible SGLD,420,0.042,0.60551875,0.031396004252415254,0.598875,0.037314143810126855,100
unit ball,Non-reversible SGLD,430,0.043000000000000003,0.606175,0.032306177091739406,0.599725,0.03631354583500641,100
unit ball,Non-reversible SGLD,440,0.044000000000000004,0.6037250000000001,0.03172815004141441,0.599825,0.04018149323992202,100
unit ball,Non-reversible SGLD,450,0.045000000000000005,0.5988625000000001,0.03374174281707057,0.5951,0.04076899693530748,100
unit ball,Non-reversible SGLD,460,0.046,0.60214375,0.029688813102273334,0.5916750000000001,0.03618320212697622,100
unit ball,Non-reversible SGLD,470,0.047,0.6003812500000001,0.03245880438351936,0.5943499999999999,0.03489453808089152,100
unit ball,Non-reversible SGLD,480,0.048,0.6012187500000001,0.02917645601410372,0.5910500000000001,0.03748935875954696,100
unit ball,Non-reversible SGLD,490,0.049,0.60233125,0.03317170271173089,0.593975,0.039808720365916275,100
unit ball,Non-reversible SGLD,500,0.05,0.6044437500000001,0.03311313335663727,0.5920000000000001,0.03537140601723889,100
unit ball,Non-reversible SGLD,510,0.051000000000000004,0.6078374999999999,0.03303111337447734,0.5973,0.03488197995029131,100
unit ball,Non-reversible SGLD,520,0.052000000000000005,0.60385,0.03390382081206433,0.5977,0.04164647995844658,100
unit ball,Non-reversible SGLD,530,0.053000000000000005,0.6046812500000001,0.036699311290258475,0.5967749999999999,0.04451378035411215,100
unit ball,Non-reversible SGLD,540,0.054,0.6056062500000001,0.032855891223160905,0.5969,0.03942791658280471,100
unit ball,Non-reversible SGLD,550,0.055,0.6012125,0.03294360472340144,0.596725,0.03835423507886513,100
unit ball,Non-reversible SGLD,560,0.056,0.6026625000000001,0.0324885396460557,0.5976250000000001,0.03403313707538461,100
unit ball,Non-reversible SGLD,570,0.057,0.60395625,0.033631485588904136,0.59595,0.038053623780505884,100
unit ball,Non-reversible SGLD,580,0.058,0.6013062499999999,0.02952567137062871,0.5922499999999999,0.03708865300625222,100
unit ball,Non-reversible SGLD,590,0.059000000000000004,0.608775,0.030340153870221015,0.5986,0.03603855959632374,100
unit ball,Non-reversible SGLD,600,0.060000000000000005,0.6094312500000001,0.03010190171829815,0.59625,0.03780515570632923,100
unit ball,Non-reversible SGLD,610,0.061000000000000006,0.6115750000000001,0.030582321839437064,0.60315,0.03171173029627741,100
unit ball,Non-reversible SGLD,620,0.062,0.6089937500000001,0.030551911728898477,0.6026,0.03053587061047046,100
unit ball,Non-reversible SGLD,630,0.063,0.6016,0.033405263300288715,0.594525,0.03716380441485854,100
unit ball,Non-reversible SGLD,640,0.064,0.60314375,0.02974274896249436,0.5989249999999999,0.03401621531035462,100
unit ball,Non-reversible SGLD,650,0.065,0.6077125000000001,0.029461204909116835,0.59735,0.0350735518646749,100
unit ball,Non-reversible SGLD,660,0.066,0.60429375,0.03149307671532704,0.59575,0.03953565709354255,100
unit ball,Non-reversible SGLD,670,0.067,0.60515,0.03355938032168886,0.592675,0.037055880202415334,100
unit ball,Non-reversible SGLD,680,0.068,0.6024812499999999,0.03064238259005743,0.59705,0.037664420689273656,100
unit ball,Non-reversible SGLD,690,0.069,0.6016875000000002,0.030550956667227763,0.592325,0.03598936255578469,100
unit ball,Non-reversible SGLD,700,0.07,0.603675,0.030698579409767116,0.5975250000000001,0.03321474169185372,100
unit ball,Non-reversible SGLD,710,0.07100000000000001,0.60444375,0.02887310258206843,0.597675,0.03471248247236056,100
unit ball,Non-reversible SGLD,720,0.07200000000000001,0.60623125,0.03064019348429527,0.6039,0.03730220563793173,100
unit ball,Non-reversible SGLD,730,0.07300000000000001,0.60166875,0.03310278402627797,0.5975,0.03829543581212263,100
unit ball,Non-reversible SGLD,740,0.07400000000000001,0.5995250000000001,0.029087435674899464,0.597125,0.03566357781866933,100
unit ball,Non-reversible SGLD,750,0.075,0.60238125,0.03293903811600418,0.594425,0.03574576156269396,100
unit ball,Non-reversible SGLD,760,0.076,0.5968375000000001,0.03434816675375025,0.5896,0.03907665349649133,100
unit ball,Non-reversible SGLD,770,0.077,0.6034375000000001,0.030741506895598358,0.5959,0.0410538572112194,100
unit ball,Non-reversible SGLD,780,0.078,0.6006687499999999,0.03181313998879975,0.587475,0.03890952825322981,100
unit ball,Non-reversible SGLD,790,0.079,0.6057312499999999,0.032216010468281514,0.6009499999999999,0.034222570672501264,100
unit ball,Non-reversible SGLD,800,0.08,0.6054875000000001,0.031105040048425295,0.59725,0.038081352312377165,100
unit ball,Non-reversible SGLD,810,0.081,0.611675,0.026562426470486466,0.6045250000000001,0.03043807880622792,100
unit ball,Non-reversible SGLD,820,0.082,0.6003437500000001,0.03210735216139221,0.5868249999999999,0.041620967363126295,100
unit ball,Non-reversible SGLD,830,0.083,0.5990187499999999,0.03384506054687622,0.595175,0.0393832743430482,100
unit ball,Non-reversible SGLD,840,0.084,0.6059125000000001,0.030726219041986948,0.5969999999999999,0.042058761203100044,100
unit ball,Non-reversible SGLD,850,0.085,0.604925,0.031073273008399765,0.59785,0.039373278381474024,100
unit ball,Non-reversible SGLD,860,0.08600000000000001,0.6011062500000002,0.027355112898771686,0.59405,0.037723709823243565,100
unit ball,Non-reversible SGLD,870,0.08700000000000001,0.60016875,0.033096561429734994,0.5944000000000002,0.03500021644954716,100
unit ball,Non-reversible SGLD,880,0.08800000000000001,0.59998125,0.03769210631514538,0.596325,0.0413784806586245,100
unit ball,Non-reversible SGLD,890,0.08900000000000001,0.60085,0.029651346273965134,0.59465,0.03762356745821464,100
unit ball,Non-reversible SGLD,900,0.09000000000000001,0.601175,0.032447908914586356,0.595925,0.03799862936124583,100
unit ball,Non-reversible SGLD,910,0.091,0.6006812499999998,0.033304923380808364,0.5933249999999999,0.038377864450721846,100
unit ball,Non-reversible SGLD,920,0.092,0.60275625,0.033510901922570537,0.5967749999999999,0.03747270892451484,100
unit ball,Non-reversible SGLD,930,0.093,0.6045,0.035751536309434985,0.595875,0.0411488659219992,100
unit ball,Non-reversible SGLD,940,0.094,0.60524375,0.0292489228358598,0.5992500000000001,0.03871434495184575,100
unit ball,Non-reversible SGLD,950,0.095,0.60519375,0.03376772998097713,0.5958749999999999,0.03710035360173455,100
unit ball,Non-reversible SGLD,960,0.096,0.605925,0.02943296719803846,0.597,0.03597663383111574,100
unit ball,Non-reversible SGLD,970,0.097,0.6037375,0.03165893795238127,0.60005,0.03522291924875109,100
unit ball,Non-reversible SGLD,980,0.098,0.6021249999999999,0.030308676083913594,0.591,0.035444507773604805,100
unit ball,Non-reversible SGLD,990,0.099,0.6076625,0.027758288301774736,0.60165,0.03596122350476407,100
unit ball,Non-reversible SGLD,1000,0.1,0.60391875,0.03100444623845151,0.594825,0.03707291307462072,100
unit ball,Reversible anchored Langevin,0,0.0,0.49674999999999997,0.062149522373974295,0.491475,0.0687038136870983,100
unit ball,Reversible anchored Langevin,10,0.001,0.5583625,0.04979565091197699,0.5507500000000001,0.057506587237964105,100
unit ball,Reversible anchored Langevin,20,0.002,0.62785625,0.02131197420779779,0.6159749999999999,0.028608059805911093,100
unit ball,Reversible anchored Langevin,30,0.003,0.6564187499999999,0.00932027588720615,0.6446999999999999,0.015579220815307845,100
unit ball,Reversible anchored Langevin,40,0.004,0.6642625,0.006737537597578798,0.6516249999999999,0.012171828502361898,100
unit ball,Reversible anchored Langevin,50,0.005,0.6661625000000001,0.006863810913226358,0.65315,0.01103609779521071,100
unit ball,Reversible anchored Langevin,60,0.006,0.6675250000000003,0.006037367854128202,0.654625,0.01001498246315858,100
unit ball,Reversible anchored Langevin,70,0.007,0.6670687500000001,0.005989979400607064,0.6557,0.009620842273969893,100
unit ball,Reversible anchored Langevin,80,0.008,0.6691187500000002,0.00550846957494373,0.6566,0.008929578586774064,100
unit ball,Reversible anchored Langevin,90,0.009000000000000001,0.6686,0.005042527474722698,0.6564500000000001,0.00988047252785703,100
unit ball,Reversible anchored Langevin,100,0.01,0.6695500000000003,0.004499123090765414,0.6557999999999999,0.009319524416703652,100
unit ball,Reversible anchored Langevin,110,0.011000000000000001,0.6700624999999999,0.004995657836784087,0.6550249999999999,0.010471793523363597,100
unit ball,Reversible anchored Langevin,120,0.012,0.66871875,0.005336214154484922,0.6557249999999999,0.009733150423769136,100
unit ball,Reversible anchored Langevin,130,0.013000000000000001,0.6694625000000001,0.005172238564458984,0.6560250000000001,0.009073876088680481,100
unit ball,Reversible anchored Langevin,140,0.014,0.6697687499999999,0.005316420122287804,0.655175,0.009752330723752901,100
unit ball,Reversible anchored Langevin,150,0.015000000000000001,0.6695875000000001,0.005191427106686601,0.656125,0.010264033261241843,100
unit ball,Reversible anchored Langevin,160,0.016,0.6690875000000002,0.0049519630583550545,0.6555250000000001,0.010257388320206822,100
unit ball,Reversible anchored Langevin,170,0.017,0.6690625,0.0051481369828258695,0.654975,0.009282974259961689,100
unit ball,Reversible anchored Langevin,180,0.018000000000000002,0.6687062500000001,0.0054284945164056716,0.6539250000000001,0.00996999918948763,100
unit ball,Reversible anchored Langevin,190,0.019,0.6692374999999999,0.004651337784102356,0.6560250000000001,0.00907387608868048,100
unit ball,Reversible anchored Langevin,200,0.02,0.6696374999999999,0.005248090682151065,0.6552,0.009256992988650223,100
unit ball,Reversible anchored Langevin,210,0.021,0.66970625,0.005319981363176513,0.6545250000000001,0.008481225552282343,100
unit ball,Reversible anchored Langevin,220,0.022000000000000002,0.6693374999999999,0.004756391898160721,0.6551250000000001,0.009437293044088446,100
unit ball,Reversible anchored Langevin,230,0.023,0.6691000000000001,0.0048406749362443074,0.654975,0.008374858660046612,100
unit ball,Reversible anchored Langevin,240,0.024,0.6696,0.004923274963237015,0.6549499999999999,0.009093926266992446,100
unit ball,Reversible anchored Langevin,250,0.025,0.6699125000000001,0.004814274728514785,0.655675,0.009380124861868453,100
unit ball,Reversible anchored Langevin,260,0.026000000000000002,0.6697624999999999,0.00488324865476277,0.65415,0.010026606020126082,100
unit ball,Reversible anchored Langevin,270,0.027,0.6698562499999998,0.0045434342890470925,0.6558499999999999,0.009842317416198907,100
unit ball,Reversible anchored Langevin,280,0.028,0.6701125,0.004770936713184541,0.65595,0.00897372708398121,100
unit ball,Reversible anchored Langevin,290,0.029,0.66908125,0.005238514824177867,0.6553249999999998,0.010327069215700006,100
unit ball,Reversible anchored Langevin,300,0.030000000000000002,0.6684812500000001,0.004795580582024127,0.6560500000000001,0.010151503844408001,100
unit ball,Reversible anchored Langevin,310,0.031,0.6686000000000001,0.005413839588583049,0.6559000000000001,0.009498272038490579,100
unit ball,Reversible anchored Langevin,320,0.032,0.6691062500000001,0.00534499125373702,0.65365,0.008964154204723426,100
unit ball,Reversible anchored Langevin,330,0.033,0.6691750000000001,0.0051099650120370165,0.6548000000000002,0.008398833492837213,100
unit ball,Reversible anchored Langevin,340,0.034,0.6697562500000003,0.004559074056209219,0.6554749999999998,0.0095458423442149,100
unit ball,Reversible anchored Langevin,350,0.035,0.6689500000000003,0.005362403021185201,0.654725,0.009929645186780528,100
unit ball,Reversible anchored Langevin,360,0.036000000000000004,0.66871875,0.005397237152123537,0.6547,0.009240610850419415,100
unit ball,Reversible anchored Langevin,370,0.037000000000000005,0.6689125,0.004650523349499753,0.6533249999999999,0.008638758971383373,100
unit ball,Reversible anchored Langevin,380,0.038,0.669825,0.004469205802494498,0.65495,0.009639853094148677,100
unit ball,Reversible anchored Langevin,390,0.039,0.6692374999999999,0.005624354620664477,0.6553249999999999,0.010574740009221336,100
unit ball,Reversible anchored Langevin,400,0.04,0.6701937499999999,0.00479511980317152,0.6552,0.009644436298465127,100
unit ball,Reversible anchored Langevin,410,0.041,0.6701625,0.005013098373564029,0.6546500000000001,0.008118596933067698,100
unit ball,Reversible anchored Langevin,420,0.042,0.6694437500000001,0.005207117282279527,0.655825,0.00989882530526944,100
unit ball,Reversible anchored Langevin,430,0.043000000000000003,0.67010625,0.005416706730621062,0.654925,0.008900793007458175,100
unit ball,Reversible anchored Langevin,440,0.044000000000000004,0.6695750000000001,0.005009366227378467,0.6557000000000001,0.009692754765777124,100
unit ball,Reversible anchored Langevin,450,0.045000000000000005,0.6699000000000003,0.0050873990199195845,0.6555249999999999,0.0089562277299941,100
unit ball,Reversible anchored Langevin,460,0.046,0.669875,0.005051033747579985,0.6560250000000001,0.00892657336950816,100
unit ball,Reversible anchored Langevin,470,0.047,0.6686187499999999,0.005201355173792633,0.6554000000000001,0.010723334322397075,100
unit ball,Reversible anchored Langevin,480,0.048,0.6687625000000001,0.00522382544432021,0.6552250000000001,0.010231505857947416,100
unit ball,Reversible anchored Langevin,490,0.049,0.66891875,0.00497853267169467,0.6557499999999998,0.009069735443225514,100
unit ball,Reversible anchored Langevin,500,0.05,0.66929375,0.004653945560522061,0.6544500000000001,0.008314979788844289,100
unit ball,Reversible anchored Langevin,510,0.051000000000000004,0.6687124999999999,0.005190362937622228,0.6538999999999998,0.009308950835436067,100
unit ball,Reversible anchored Langevin,520,0.052000000000000005,0.6692500000000001,0.005357338260024579,0.655225,0.009911827186841903,100
unit ball,Reversible anchored Langevin,530,0.053000000000000005,0.6697812500000001,0.005038030087156181,0.6574249999999999,0.008359466598903423,100
unit ball,Reversible anchored Langevin,540,0.054,0.6705125000000001,0.005365713142281507,0.6553499999999999,0.008689509523418213,100
unit ball,Reversible anchored Langevin,550,0.055,0.67001875,0.004762721368698636,0.6562250000000002,0.008479736690690017,100
unit ball,Reversible anchored Langevin,560,0.056,0.6693624999999999,0.005266703226762256,0.6558750000000002,0.009234425873443426,100
unit ball,Reversible anchored Langevin,570,0.057,0.66966875,0.00455955868938203,0.6573749999999998,0.009945400185436735,100
unit ball,Reversible anchored Langevin,580,0.058,0.6690125,0.00495814234416989,0.6571250000000001,0.00924808880064669,100
unit ball,Reversible anchored Langevin,590,0.059000000000000004,0.6688749999999998,0.006036766560423759,0.65655,0.009800922446794537,100
unit ball,Reversible anchored Langevin,600,0.060000000000000005,0.6693875,0.005286892382166115,0.654975,0.00927617100342855,100
unit ball,Reversible anchored Langevin,610,0.061000000000000006,0.6683625000000001,0.005384358777463147,0.6535500000000001,0.009994821891682954,100
unit ball,Reversible anchored Langevin,620,0.062,0.6689125,0.005726579994581713,0.6541250000000001,0.011278023458537114,100
unit ball,Reversible anchored Langevin,630,0.063,0.66866875,0.005570835599827286,0.6554000000000001,0.008909760848857761,100
unit ball,Reversible anchored Langevin,640,0.064,0.6692000000000001,0.005468920451889099,0.6559750000000001,0.00862295942776779,100
unit ball,Reversible anchored Langevin,650,0.065,0.6691625000000001,0.004715066250592327,0.6558749999999999,0.009989735894022595,100
unit ball,Reversible anchored Langevin,660,0.066,0.6691874999999999,0.005226483526282755,0.6546499999999998,0.009763749693678563,100
unit ball,Reversible anchored Langevin,670,0.067,0.66875,0.004457642965523462,0.653525,0.008280857504516135,100
unit ball,Reversible anchored Langevin,680,0.068,0.6699125000000002,0.005320400394099618,0.6550999999999999,0.008904090536535916,100
unit ball,Reversible anchored Langevin,690,0.069,0.6694125,0.004753072504425245,0.6560499999999999,0.010348595766742196,100
unit ball,Reversible anchored Langevin,700,0.07,0.669375,0.0049738901609638845,0.6559,0.008957813586050134,100
unit ball,Reversible anchored Langevin,710,0.07100000000000001,0.6694625,0.00468467507470428,0.655975,0.008896820167391791,100
unit ball,Reversible anchored Langevin,720,0.07200000000000001,0.66994375,0.004898830481694977,0.654325,0.00920347293913631,100
unit ball,Reversible anchored Langevin,730,0.07300000000000001,0.6690875000000002,0.005430067920962191,0.6538999999999998,0.009192937561525213,100
unit ball,Reversible anchored Langevin,740,0.07400000000000001,0.66994375,0.004999285776008606,0.6538250000000001,0.009583860328066084,100
unit ball,Reversible anchored Langevin,750,0.075,0.6688250000000001,0.0058240456364762145,0.65545,0.009926370347857691,100
unit ball,Reversible anchored Langevin,760,0.076,0.6696125,0.004878398194017574,0.6559999999999999,0.00956767495478417,100
unit ball,Reversible anchored Langevin,770,0.077,0.6693625,0.00461762310954653,0.6561750000000001,0.009695196926021858,100
unit ball,Reversible anchored Langevin,780,0.078,0.6694562500000001,0.0039744041783935785,0.6558750000000001,0.009096667999155995,100
unit ball,Reversible anchored Langevin,790,0.079,0.6696437500000001,0.004811188001665869,0.65405,0.008301302076277937,100
unit ball,Reversible anchored Langevin,800,0.08,0.6702687500000001,0.004897348250468166,0.6558250000000001,0.008469009160558061,100
unit ball,Reversible anchored Langevin,810,0.081,0.6694062500000001,0.005161818809462146,0.655725,0.009849210346238152,100
unit ball,Reversible anchored Langevin,820,0.082,0.6691812500000001,0.004525892644528586,0.654225,0.0083158528781424,100
unit ball,Reversible anchored Langevin,830,0.083,0.6696312500000002,0.004874607436926734,0.6579,0.01026000374111418,100
unit ball,Reversible anchored Langevin,840,0.084,0.6693312499999999,0.00490137500677827,0.657525,0.009747409653312776,100
unit ball,Reversible anchored Langevin,850,0.085,0.6695749999999999,0.005078984727146349,0.6555249999999999,0.009109983146487872,100
unit ball,Reversible anchored Langevin,860,0.08600000000000001,0.66905,0.005108883874629018,0.6536749999999999,0.009200728726079762,100
unit ball,Reversible anchored Langevin,870,0.08700000000000001,0.67018125,0.004272606801036419,0.654075,0.009105546927476948,100
unit ball,Reversible anchored Langevin,880,0.08800000000000001,0.6697437499999999,0.005213327151385547,0.655725,0.010275835879883597,100
unit ball,Reversible anchored Langevin,890,0.08900000000000001,0.6695749999999998,0.004897851776054681,0.655625,0.009013002672346063,100
unit ball,Reversible anchored Langevin,900,0.09000000000000001,0.66914375,0.004407486707669444,0.6563750000000002,0.009964425358608139,100
unit ball,Reversible anchored Langevin,910,0.091,0.6690874999999998,0.005562872391348216,0.6561500000000001,0.010040448498976834,100
unit ball,Reversible anchored Langevin,920,0.092,0.66913125,0.0055724219194152776,0.6558499999999999,0.01028151720124983,100
unit ball,Reversible anchored Langevin,930,0.093,0.6687875,0.005806771234663642,0.65595,0.010694211593949404,100
unit ball,Reversible anchored Langevin,940,0.094,0.6691937499999999,0.004843099296468591,0.6560999999999999,0.008814301968500927,100
unit ball,Reversible anchored Langevin,950,0.095,0.6686874999999999,0.005143536323298488,0.6556000000000001,0.008551094206077504,100
unit ball,Reversible anchored Langevin,960,0.096,0.6686937499999999,0.0048907694636907235,0.6548249999999999,0.009661277233253263,100
unit ball,Reversible anchored Langevin,970,0.097,0.6687375,0.005271944876208186,0.6547749999999999,0.009594657341195138,100
unit ball,Reversible anchored Langevin,980,0.098,0.6692375000000002,0.006329407176191161,0.6539750000000001,0.009930916677759728,100
unit ball,Reversible anchored Langevin,990,0.099,0.6685875,0.005445450909342645,0.6556500000000001,0.009991284080425183,100
unit ball,Reversible anchored Langevin,1000,0.1,0.6689937499999999,0.005292050660131095,0.654,0.009521374147493931,100
unit ball,Non-reversible anchored Langevin,0,0.0,0.49674999999999997,0.062149522373974295,0.491475,0.0687038136870983,100
unit ball,Non-reversible anchored Langevin,10,0.001,0.54203125,0.04555705080964112,0.53845,0.054163496410722455,100
unit ball,Non-reversible anchored Langevin,20,0.002,0.5809375,0.03440379877207596,0.57545,0.03989629865619925,100
unit ball,Non-reversible anchored Langevin,30,0.003,0.6111312499999999,0.027879002039794185,0.598875,0.03697080304480521,100
unit ball,Non-reversible anchored Langevin,40,0.004,0.6224875,0.025019875306514526,0.6122,0.03247625395126524,100
unit ball,Non-reversible anchored Langevin,50,0.005,0.6294249999999999,0.019068564815984818,0.620075,0.027730792333331256,100
unit ball,Non-reversible anchored Langevin,60,0.006,0.6309125,0.017436849441178973,0.621475,0.027340203774373052,100
unit ball,Non-reversible anchored Langevin,70,0.007,0.63745625,0.017613998957655898,0.6257750000000001,0.02427664369909748,100
unit ball,Non-reversible anchored Langevin,80,0.008,0.63956875,0.01779084941526589,0.626975,0.02596203278760441,100
unit ball,Non-reversible anchored Langevin,90,0.009000000000000001,0.6396249999999999,0.020798645364299546,0.623375,0.02755933681086222,100
unit ball,Non-reversible anchored Langevin,100,0.01,0.639125,0.020459718060895,0.62715,0.02522880148248077,100
unit ball,Non-reversible anchored Langevin,110,0.011000000000000001,0.6391,0.021383146448083874,0.6275499999999999,0.02756301320555677,100
unit ball,Non-reversible anchored Langevin,120,0.012,0.64005625,0.0189790502441295,0.6285250000000001,0.030705293114584094,100
unit ball,Non-reversible anchored Langevin,130,0.013000000000000001,0.6358375,0.021355061880717948,0.6204250000000001,0.028847944712603258,100
unit ball,Non-reversible anchored Langevin,140,0.014,0.63544375,0.020249059828218383,0.622675,0.0284672747610872,100
unit ball,Non-reversible anchored Langevin,150,0.015000000000000001,0.6361375,0.01945788721829788,0.6284000000000001,0.02647545079785224,100
unit ball,Non-reversible anchored Langevin,160,0.016,0.6368624999999999,0.01984293201010314,0.627725,0.026744901808144164,100
unit ball,Non-reversible anchored Langevin,170,0.017,0.6383624999999999,0.014885341452298471,0.6239250000000001,0.022588923606426434,100
unit ball,Non-reversible anchored Langevin,180,0.018000000000000002,0.6366624999999999,0.018574987084841274,0.6234500000000001,0.027788386862940506,100
unit ball,Non-reversible anchored Langevin,190,0.019,0.6350937499999999,0.018860025458371045,0.626225,0.023177223995146875,100
unit ball,Non-reversible anchored Langevin,200,0.02,0.6360125,0.019499089430954554,0.6256250000000001,0.027361623847936355,100
unit ball,Non-reversible anchored Langevin,210,0.021,0.6367499999999999,0.018765355664956716,0.6246500000000001,0.02814334698997225,100
unit ball,Non-reversible anchored Langevin,220,0.022000000000000002,0.6366375,0.016680813125119286,0.624425,0.026576207841457044,100
unit ball,Non-reversible anchored Langevin,230,0.023,0.6377437499999999,0.018610782613375593,0.6241499999999999,0.027581879939737628,100
unit ball,Non-reversible anchored Langevin,240,0.024,0.63550625,0.018215377901887896,0.6265000000000001,0.027133694435837043,100
unit ball,Non-reversible anchored Langevin,250,0.025,0.63444375,0.01970523291488325,0.62375,0.02751835934444677,100
unit ball,Non-reversible anchored Langevin,260,0.026000000000000002,0.6344437500000001,0.022124549694384585,0.6205750000000001,0.03145032759862139,100
unit ball,Non-reversible anchored Langevin,270,0.027,0.6357875000000001,0.022729195310094995,0.62655,0.026734714314818275,100
unit ball,Non-reversible anchored Langevin,280,0.028,0.6379250000000001,0.022536250259472528,0.6267250000000001,0.026423357340264554,100
unit ball,Non-reversible anchored Langevin,290,0.029,0.6379562499999999,0.021190658192558307,0.6286499999999999,0.024578312276139595,100
unit ball,Non-reversible anchored Langevin,300,0.030000000000000002,0.63770625,0.02291994725141347,0.627875,0.028177770359349624,100
unit ball,Non-reversible anchored Langevin,310,0.031,0.63793125,0.01999599371963941,0.6254500000000001,0.027215887739600653,100
unit ball,Non-reversible anchored Langevin,320,0.032,0.63855625,0.02107599116826413,0.623575,0.02828930402505905,100
unit ball,Non-reversible anchored Langevin,330,0.033,0.6371375,0.022934252894046513,0.6248999999999999,0.027620077604320493,100
unit ball,Non-reversible anchored Langevin,340,0.034,0.63805,0.017778777000012166,0.6279,0.022478159995152545,100
unit ball,Non-reversible anchored Langevin,350,0.035,0.6359687500000001,0.020990764074993087,0.6231,0.03243704080463593,100
unit ball,Non-reversible anchored Langevin,360,0.036000000000000004,0.63749375,0.01812151546964731,0.62715,0.023306315526791088,100
unit ball,Non-reversible anchored Langevin,370,0.037000000000000005,0.6359812499999999,0.015620644594994515,0.6246,0.022793318177381575,100
unit ball,Non-reversible anchored Langevin,380,0.038,0.63816875,0.019485015731792,0.6274250000000001,0.025550640447408107,100
unit ball,Non-reversible anchored Langevin,390,0.039,0.6393749999999999,0.01748601533578283,0.6227250000000001,0.024914234197674343,100
unit ball,Non-reversible anchored Langevin,400,0.04,0.6382625000000001,0.018511227994616856,0.6266,0.027758245658186007,100
unit ball,Non-reversible anchored Langevin,410,0.041,0.6362000000000001,0.018701047207754617,0.6271,0.023373126241541375,100
unit ball,Non-reversible anchored Langevin,420,0.042,0.6391125,0.018725400529761703,0.6273,0.02481924554644942,100
unit ball,Non-reversible anchored Langevin,430,0.043000000000000003,0.6368125,0.01909995389094863,0.6262000000000001,0.029963108630245275,100
unit ball,Non-reversible anchored Langevin,440,0.044000000000000004,0.6362375,0.019129777577157434,0.6252,0.02888648979937321,100
unit ball,Non-reversible anchored Langevin,450,0.045000000000000005,0.63558125,0.019748308767570267,0.6264,0.026100330893060967,100
unit ball,Non-reversible anchored Langevin,460,0.046,0.6374749999999999,0.01942674338600936,0.6273000000000001,0.025031999722375558,100
unit ball,Non-reversible anchored Langevin,470,0.047,0.6376375,0.019757362615623886,0.6272749999999999,0.026954167515704258,100
unit ball,Non-reversible anchored Langevin,480,0.048,0.638375,0.01919978199844672,0.6257499999999999,0.026689147720761072,100
unit ball,Non-reversible anchored Langevin,490,0.049,0.63799375,0.01860408183156198,0.62505,0.02612851880511972,100
unit ball,Non-reversible anchored Langevin,500,0.05,0.6365875,0.01892102556240896,0.622975,0.026159222546597676,100
unit ball,Non-reversible anchored Langevin,510,0.051000000000000004,0.6368562499999999,0.018326973543940722,0.62595,0.02646414574667034,100
unit ball,Non-reversible anchored Langevin,520,0.052000000000000005,0.6386187500000001,0.019529926975391937,0.628175,0.027892866381021057,100
unit ball,Non-reversible anchored Langevin,530,0.053000000000000005,0.6390562499999999,0.016972221576443635,0.62555,0.026573178928834203,100
unit ball,Non-reversible anchored Langevin,540,0.054,0.6391187500000001,0.019120723716478907,0.6244500000000001,0.026618279964769096,100
unit ball,Non-reversible anchored Langevin,550,0.055,0.6393125,0.019568922002331488,0.6289999999999999,0.024430379332778154,100
unit ball,Non-reversible anchored Langevin,560,0.056,0.6393125000000001,0.01745925541790012,0.62595,0.026833709765851983,100
unit ball,Non-reversible anchored Langevin,570,0.057,0.6372187500000001,0.019908719847016025,0.6256,0.027508309121192277,100
unit ball,Non-reversible anchored Langevin,580,0.058,0.6381125,0.018213273374662827,0.623075,0.029609953878499518,100
unit ball,Non-reversible anchored Langevin,590,0.059000000000000004,0.6376750000000001,0.017356709543044618,0.62895,0.027038552722609493,100
unit ball,Non-reversible anchored Langevin,600,0.060000000000000005,0.63953125,0.01873934356265157,0.62665,0.029463253950189096,100
unit ball,Non-reversible anchored Langevin,610,0.061000000000000006,0.63741875,0.01962231271410177,0.62305,0.025916483970904337,100
unit ball,Non-reversible anchored Langevin,620,0.062,0.6395562499999999,0.01836801450225501,0.6288999999999999,0.025742312768410432,100
unit ball,Non-reversible anchored Langevin,630,0.063,0.6413,0.01640795415632185,0.6316000000000002,0.02254490468537685,100
unit ball,Non-reversible anchored Langevin,640,0.064,0.6389125,0.018513581044217464,0.626425,0.026517706586849897,100
unit ball,Non-reversible anchored Langevin,650,0.065,0.638225,0.019448828870768656,0.6238750000000001,0.027691881080522094,100
unit ball,Non-reversible anchored Langevin,660,0.066,0.637275,0.021051793992508814,0.623225,0.03057796584060972,100
unit ball,Non-reversible anchored Langevin,670,0.067,0.637075,0.020535154017076437,0.6233500000000001,0.026292882241505146,100
unit ball,Non-reversible anchored Langevin,680,0.068,0.6384375000000001,0.020161809927321864,0.6262500000000001,0.028820456048936613,100
unit ball,Non-reversible anchored Langevin,690,0.069,0.636175,0.019646955003488224,0.6243000000000002,0.026121510931286753,100
unit ball,Non-reversible anchored Langevin,700,0.07,0.63880625,0.017821296339483747,0.630025,0.02483149016954891,100
unit ball,Non-reversible anchored Langevin,710,0.07100000000000001,0.6402125000000001,0.01588662781026288,0.631,0.022478946378845927,100
unit ball,Non-reversible anchored Langevin,720,0.07200000000000001,0.63715,0.021052318785887373,0.6253,0.028553688576314122,100
unit ball,Non-reversible anchored Langevin,730,0.07300000000000001,0.6360625,0.018180861322675105,0.625175,0.02609049664440129,100
unit ball,Non-reversible anchored Langevin,740,0.07400000000000001,0.6351562500000001,0.019501030915186266,0.624325,0.027070463142463492,100
unit ball,Non-reversible anchored Langevin,750,0.075,0.6360750000000001,0.02075783288936073,0.6279250000000001,0.025915205064505148,100
unit ball,Non-reversible anchored Langevin,760,0.076,0.6357562500000001,0.021130325332901115,0.62665,0.028957518519166642,100
unit ball,Non-reversible anchored Langevin,770,0.077,0.63556875,0.021267278885637793,0.622925,0.03073603608374727,100
unit ball,Non-reversible anchored Langevin,780,0.078,0.63523125,0.01878986817806315,0.622,0.026659563447894705,100
unit ball,Non-reversible anchored Langevin,790,0.079,0.6369562500000001,0.017734195686696378,0.629075,0.024096436615727176,100
unit ball,Non-reversible anchored Langevin,800,0.08,0.6399687500000001,0.01786558411146804,0.6300000000000001,0.025596420993505477,100
unit ball,Non-reversible anchored Langevin,810,0.081,0.6389,0.017889364328019203,0.62805,0.028470213035785848,100
unit ball,Non-reversible anchored Langevin,820,0.082,0.63736875,0.019616609180614007,0.622525,0.025289972361001146,100
unit ball,Non-reversible anchored Langevin,830,0.083,0.6380375,0.02104251423435494,0.628175,0.022906967644510834,100
unit ball,Non-reversible anchored Langevin,840,0.084,0.6374624999999999,0.022670304548755696,0.621,0.030484306278689196,100
unit ball,Non-reversible anchored Langevin,850,0.085,0.6391,0.022625617353037256,0.622,0.02971030158382813,100
unit ball,Non-reversible anchored Langevin,860,0.08600000000000001,0.63803125,0.022141392909827824,0.624525,0.028034734498187032,100
unit ball,Non-reversible anchored Langevin,870,0.08700000000000001,0.6400375000000001,0.021012453468302453,0.629025,0.02526099870463469,100
unit ball,Non-reversible anchored Langevin,880,0.08800000000000001,0.6389625,0.018974501929822783,0.6284000000000001,0.027137230752773817,100
unit ball,Non-reversible anchored Langevin,890,0.08900000000000001,0.638525,0.020967846054896017,0.629325,0.024308245161432006,100
unit ball,Non-reversible anchored Langevin,900,0.09000000000000001,0.6372062500000001,0.02124674198880593,0.6279,0.030931906315046737,100
unit ball,Non-reversible anchored Langevin,910,0.091,0.63639375,0.019362441963121604,0.6226,0.02737441480394761,100
unit ball,Non-reversible anchored Langevin,920,0.092,0.6390437500000001,0.01887677156546766,0.629025,0.024850296728102617,100
unit ball,Non-reversible anchored Langevin,930,0.093,0.63866875,0.017884188100883356,0.6275999999999999,0.022405581916346225,100
unit ball,Non-reversible anchored Langevin,940,0.094,0.63956875,0.01841786962168847,0.6283749999999999,0.02916856054457306,100
unit ball,Non-reversible anchored Langevin,950,0.095,0.63965625,0.01837254222379558,0.6263749999999999,0.029194521331194583,100
unit ball,Non-reversible anchored Langevin,960,0.096,0.6399,0.019734010916909087,0.6255749999999999,0.02814746297123724,100
unit ball,Non-reversible anchored Langevin,970,0.097,0.64,0.017607892514093757,0.630225,0.025722133592796237,100
unit ball,Non-reversible anchored Langevin,980,0.098,0.64145,0.01782235572634447,0.6297499999999999,0.024164054195261093,100
unit ball,Non-reversible anchored Langevin,990,0.099,0.6405124999999999,0.015171416380812972,0.6301249999999999,0.025671228933370035,100
unit ball,Non-reversible anchored Langevin,1000,0.1,0.6386749999999999,0.017155078465915487,0.6281,0.02384482664176357,100
quartic set,Projected SGLD,0,0.0,0.49119375000000004,0.056564573180377505,0.49465000000000003,0.06366145068273502,100
quartic set,Projected SGLD,10,0.001,0.5625812499999999,0.045223007236612725,0.559975,0.05365256614119546,100
quartic set,Projected SGLD,20,0.002,0.6334375,0.018733683978439494,0.6222,0.02736601889020377,100
quartic set,Projected SGLD,30,0.003,0.6604875000000001,0.009034681703571447,0.6473750000000001,0.014917174530037384,100
quartic set,Projected SGLD,40,0.004,0.66665625,0.0049119255196517515,0.6522500000000001,0.011228233713422266,100
quartic set,Projected SGLD,50,0.005,0.6677437500000001,0.006066039526983753,0.6535500000000001,0.010672938497040832,100
quartic set,Projected SGLD,60,0.006,0.669025,0.005333214960807583,0.654125,0.009397069981777532,100
quartic set,Projected SGLD,70,0.007,0.6688437500000001,0.005174797335366982,0.65325,0.009083646088582843,100
quartic set,Projected SGLD,80,0.008,0.6673,0.005255378437872241,0.653625,0.011532644707064993,100
quartic set,Projected SGLD,90,0.009000000000000001,0.6679749999999999,0.005557692139655804,0.653025,0.009206490628734156,100
quartic set,Projected SGLD,100,0.01,0.6681999999999999,0.005535753851741487,0.654725,0.010340753689586032,100
quartic set,Projected SGLD,110,0.011000000000000001,0.6683062500000001,0.005836913809168038,0.655725,0.010033372344633721,100
quartic set,Projected SGLD,120,0.012,0.667925,0.005402720975526493,0.6542,0.0113032130946305,100
quartic set,Projected SGLD,130,0.013000000000000001,0.6685187500000002,0.0051398182854626075,0.6545499999999999,0.010257911457735813,100
quartic set,Projected SGLD,140,0.014,0.66905,0.006033811507921946,0.65405,0.010852430719670713,100
quartic set,Projected SGLD,150,0.015000000000000001,0.66863125,0.005306792834603017,0.656375,0.01004016554855668,100
quartic set,Projected SGLD,160,0.016,0.6686562500000001,0.004814565672377557,0.6542,0.0094473554634366,100
quartic set,Projected SGLD,170,0.017,0.6684000000000002,0.006118773891834373,0.6546500000000001,0.010063058755425793,100
quartic set,Projected SGLD,180,0.018000000000000002,0.6694999999999999,0.004769795275449141,0.6554000000000001,0.0105152606753569,100
quartic set,Projected SGLD,190,0.019,0.66871875,0.004679918110686052,0.655225,0.010119831265810961,100
quartic set,Projected SGLD,200,0.02,0.6692374999999999,0.005291815793651493,0.65455,0.009165840183127045,100
quartic set,Projected SGLD,210,0.021,0.6686,0.0054421892876327154,0.6535999999999998,0.010133702146398391,100
quartic set,Projected SGLD,220,0.022000000000000002,0.6688937499999998,0.005262112500429054,0.6548750000000001,0.008829008375173794,100
quartic set,Projected SGLD,230,0.023,0.66811875,0.005067797141378254,0.656475,0.009634055493535703,100
quartic set,Projected SGLD,240,0.024,0.6681625000000001,0.005836592704133073,0.6553249999999999,0.010746475814156126,100
quartic set,Projected SGLD,250,0.025,0.6676375000000001,0.006349324409300998,0.653175,0.010694654333503788,100
quartic set,Projected SGLD,260,0.026000000000000002,0.66921875,0.00576418362091776,0.6537749999999999,0.010710227105270219,100
quartic set,Projected SGLD,270,0.027,0.66836875,0.005548295050479174,0.6547250000000001,0.009632744817925622,100
quartic set,Projected SGLD,280,0.028,0.6690999999999999,0.0060258544387639945,0.656375,0.01082677540436514,100
quartic set,Projected SGLD,290,0.029,0.6690875,0.005852525247077259,0.65365,0.010264310040429445,100
quartic set,Projected SGLD,300,0.030000000000000002,0.6686124999999999,0.005643963544792746,0.655175,0.0096219905435519,100
quartic set,Projected SGLD,310,0.031,0.6678499999999999,0.005256459470177258,0.6542749999999999,0.00979779788699193,100
quartic set,Projected SGLD,320,0.032,0.66828125,0.005773075540775033,0.6554000000000001,0.008966266747868903,100
quartic set,Projected SGLD,330,0.033,0.66779375,0.005820775850565397,0.6553,0.009641817591338605,100
quartic set,Projected SGLD,340,0.034,0.66833125,0.006036148864854706,0.6539750000000001,0.009757766914182536,100
quartic set,Projected SGLD,350,0.035,0.6685625000000001,0.004974286787108683,0.6528750000000001,0.011114503901195815,100
quartic set,Projected SGLD,360,0.036000000000000004,0.6679312500000001,0.006081500735796634,0.653975,0.009307424808487936,100
quartic set,Projected SGLD,370,0.037000000000000005,0.6690562500000001,0.005111211897200188,0.6546499999999998,0.009808906486690892,100
quartic set,Projected SGLD,380,0.038,0.6689500000000002,0.005099917062110328,0.6548500000000002,0.010700349281564363,100
quartic set,Projected SGLD,390,0.039,0.66874375,0.005070132356121077,0.653875,0.010165145191667306,100
quartic set,Projected SGLD,400,0.04,0.66864375,0.00488266281336218,0.6550750000000001,0.009773023838582156,100
quartic set,Projected SGLD,410,0.041,0.6688687500000001,0.005354903557356182,0.6549999999999998,0.008954148070965093,100
quartic set,Projected SGLD,420,0.042,0.6676000000000001,0.006192105596416429,0.653725,0.010134792309244191,100
quartic set,Projected SGLD,430,0.043000000000000003,0.6685375000000002,0.005759968850750516,0.6538249999999999,0.010561597818741658,100
quartic set,Projected SGLD,440,0.044000000000000004,0.66900625,0.005509185826619236,0.6521750000000002,0.009889892554900422,100
quartic set,Projected SGLD,450,0.045000000000000005,0.6682062500000001,0.005997852493420313,0.6546500000000001,0.010206330972449995,100
quartic set,Projected SGLD,460,0.046,0.6684625,0.006181071933938744,0.653775,0.010405266488998295,100
quartic set,Projected SGLD,470,0.047,0.6685562499999999,0.0061908151000926665,0.653875,0.009282158132458189,100
quartic set,Projected SGLD,480,0.048,0.66779375,0.006242707235145452,0.654825,0.011249326579171251,100
quartic set,Projected SGLD,490,0.049,0.6690312499999999,0.005104166666666664,0.6566249999999999,0.009894487548043307,100
quartic set,Projected SGLD,500,0.05,0.6681875,0.005948206057546288,0.654475,0.010626195714061338,100
quartic set,Projected SGLD,510,0.051000000000000004,0.669,0.005324092372973969,0.6541499999999999,0.011102256572881984,100
quartic set,Projected SGLD,520,0.052000000000000005,0.6694125000000001,0.005963655177892834,0.6535000000000001,0.009685717903858826,100
quartic set,Projected SGLD,530,0.053000000000000005,0.6683,0.005375778073822419,0.6528750000000001,0.009836895862111195,100
quartic set,Projected SGLD,540,0.054,0.66830625,0.005759335170272289,0.653625,0.010937003957005581,100
quartic set,Projected SGLD,550,0.055,0.6682062499999999,0.005178821693086945,0.652475,0.009458141434443635,100
quartic set,Projected SGLD,560,0.056,0.6681187500000001,0.005641806402414324,0.65365,0.009424205885147922,100
quartic set,Projected SGLD,570,0.057,0.6680875,0.00597158940739441,0.6527250000000001,0.011769541025868264,100
quartic set,Projected SGLD,580,0.058,0.66888125,0.00502463548981969,0.65275,0.009662878045448582,100
quartic set,Projected SGLD,590,0.059000000000000004,0.6688125000000003,0.005757420003874144,0.6544500000000001,0.011401643510804704,100
quartic set,Projected SGLD,600,0.060000000000000005,0.6680875,0.004994330750607601,0.6530000000000001,0.009620317305084338,100
quartic set,Projected SGLD,610,0.061000000000000006,0.66994375,0.005681947283886806,0.6544250000000001,0.009639034435486006,100
quartic set,Projected SGLD,620,0.062,0.6680125,0.005915532861915657,0.6546500000000001,0.009218311815472119,100
quartic set,Projected SGLD,630,0.063,0.6668375000000001,0.005599916012176822,0.6543000000000001,0.010571306695604158,100
quartic set,Projected SGLD,640,0.064,0.66813125,0.0058153775325390155,0.6546750000000001,0.009571995928781317,100
quartic set,Projected SGLD,650,0.065,0.6678437500000001,0.005874701126075019,0.6551499999999999,0.011258105946159403,100
quartic set,Projected SGLD,660,0.066,0.6675562500000001,0.0053596172586380594,0.6547250000000001,0.01051030638963682,100
quartic set,Projected SGLD,670,0.067,0.6679437500000001,0.005530772927836846,0.653225,0.010114839333744997,100
quartic set,Projected SGLD,680,0.068,0.6679187499999999,0.005933298619876318,0.6544500000000001,0.010003660946035326,100
quartic set,Projected SGLD,690,0.069,0.6692000000000001,0.005292934112111311,0.6551,0.00993615985817825,100
quartic set,Projected SGLD,700,0.07,0.6686875000000001,0.005636912190233588,0.654225,0.009365576071524655,100
quartic set,Projected SGLD,710,0.07100000000000001,0.6687375,0.005749519632986824,0.6532499999999999,0.010591711072076297,100
quartic set,Projected SGLD,720,0.07200000000000001,0.6683437500000001,0.004954317032659601,0.65375,0.009310171476900577,100
quartic set,Projected SGLD,730,0.07300000000000001,0.668425,0.005733369670427483,0.6538749999999999,0.009430601114125095,100
quartic set,Projected SGLD,740,0.07400000000000001,0.6682999999999997,0.006341551685335205,0.6527499999999999,0.009844113248869388,100
quartic set,Projected SGLD,750,0.075,0.669,0.0047048290794317596,0.65325,0.010103629710818464,100
quartic set,Projected SGLD,760,0.076,0.6687000000000002,0.00514290724682985,0.6546750000000001,0.009222659567334661,100
quartic set,Projected SGLD,770,0.077,0.66830625,0.005491395214471018,0.6536749999999999,0.009616740191935725,100
quartic set,Projected SGLD,780,0.078,0.6690000000000002,0.004966745474257831,0.6548,0.010472908773679753,100
quartic set,Projected SGLD,790,0.079,0.66805,0.006036295940961536,0.6540250000000001,0.009169386648797816,100
quartic set,Projected SGLD,800,0.08,0.66899375,0.0048833415748715196,0.6540250000000001,0.010594065186306782,100
quartic set,Projected SGLD,810,0.081,0.6680125000000001,0.005842376648162109,0.6536500000000001,0.01047134136101913,100
quartic set,Projected SGLD,820,0.082,0.6674125,0.005702690198936856,0.6533999999999999,0.009965343988447213,100
quartic set,Projected SGLD,830,0.083,0.6685687500000002,0.005529345924339523,0.6561500000000001,0.009193624272980023,100
quartic set,Projected SGLD,840,0.084,0.668575,0.0057413472444904565,0.6548749999999999,0.010251724417645729,100
quartic set,Projected SGLD,850,0.085,0.6686624999999999,0.005556201035734308,0.656025,0.010941159200307112,100
quartic set,Projected SGLD,860,0.08600000000000001,0.6687375,0.005416652097882507,0.6550750000000001,0.010603357339479183,100
quartic set,Projected SGLD,870,0.08700000000000001,0.6687312499999999,0.005336273307811036,0.655925,0.008398645573826035,100
quartic set,Projected SGLD,880,0.08800000000000001,0.6686187499999999,0.005141844546552247,0.6550750000000001,0.008397142070341255,100
quartic set,Projected SGLD,890,0.08900000000000001,0.6697874999999999,0.004907782805983474,0.6552500000000001,0.008964717598238206,100
quartic set,Projected SGLD,900,0.09000000000000001,0.6687937500000001,0.0047939347398983255,0.6556749999999998,0.00901636419142014,100
quartic set,Projected SGLD,910,0.091,0.6685875000000001,0.0052061510579682405,0.654875,0.009900865945191193,100
quartic set,Projected SGLD,920,0.092,0.6688375,0.0059895347494735756,0.6563,0.009747312501920779,100
quartic set,Projected SGLD,930,0.093,0.6684374999999999,0.006497923619406152,0.6553749999999999,0.010988831566273066,100
quartic set,Projected SGLD,940,0.094,0.6681750000000001,0.0053644628921460675,0.654475,0.011350115693799177,100
quartic set,Projected SGLD,950,0.095,0.6684750000000002,0.005686962317796766,0.654225,0.010259849911281366,100
quartic set,Projected SGLD,960,0.096,0.6682124999999999,0.00546382444129133,0.652675,0.010294005071110111,100
quartic set,Projected SGLD,970,0.097,0.66901875,0.005600222505274757,0.65415,0.009732663945433827,100
quartic set,Projected SGLD,980,0.098,0.66856875,0.004647701418144479,0.6553249999999999,0.010154457398133353,100
quartic set,Projected SGLD,990,0.099,0.66839375,0.005664671412323567,0.6552000000000001,0.009755081555866987,100
quartic set,Projected SGLD,1000,0.1,0.6684562499999999,0.005805163992280731,0.6542999999999999,0.009892605135333995,100
quartic set,Non-reversible SGLD,0,0.0,0.49119375000000004,0.056564573180377505,0.49465000000000003,0.06366145068273502,100
quartic set,Non-reversible SGLD,10,0.001,0.51068125,0.04455359520447188,0.5102249999999999,0.0513308920611943,100
quartic set,Non-reversible SGLD,20,0.002,0.5316875,0.04905639759707209,0.5327249999999999,0.05361913832718216,100
quartic set,Non-reversible SGLD,30,0.003,0.5343312499999999,0.04761683655411936,0.53265,0.05200502598088696,100
quartic set,Non-reversible SGLD,40,0.004,0.54145625,0.045445853059332096,0.535075,0.051618324158082554,100
quartic set,Non-reversible SGLD,50,0.005,0.5421625,0.042441881310109404,0.536375,0.04795354312227407,100
quartic set,Non-reversible SGLD,60,0.006,0.53510625,0.047509805523664954,0.534725,0.05370125814413128,100
quartic set,Non-reversible SGLD,70,0.007,0.53825,0.044090217569814,0.53825,0.04754782281603916,100
quartic set,Non-reversible SGLD,80,0.008,0.53876875,0.04263102343100917,0.5357499999999998,0.04724947223263585,100
quartic set,Non-reversible SGLD,90,0.009000000000000001,0.5411312500000001,0.039225123103855605,0.53815,0.04730705096184998,100
quartic set,Non-reversible SGLD,100,0.01,0.5400500000000001,0.050001316270553105,0.542575,0.05676846360080533,100
quartic set,Non-reversible SGLD,110,0.011000000000000001,0.5357812499999999,0.04604919681668858,0.5399,0.049105534671292764,100
quartic set,Non-reversible SGLD,120,0.012,0.5422437499999999,0.047178612280937754,0.543125,0.053352713098299843,100
quartic set,Non-reversible SGLD,130,0.013000000000000001,0.5355000000000001,0.04672429477501209,0.531775,0.04705237652195303,100
quartic set,Non-reversible SGLD,140,0.014,0.5438437500000001,0.04435302085856502,0.54525,0.05077741584204498,100
quartic set,Non-reversible SGLD,150,0.015000000000000001,0.5371250000000001,0.04792720569211755,0.5413,0.050253750048522686,100
quartic set,Non-reversible SGLD,160,0.016,0.5351437499999999,0.045024531665576996,0.53445,0.04920142582314361,100
quartic set,Non-reversible SGLD,170,0.017,0.5402750000000001,0.04704026590232688,0.538525,0.05244777946402565,100
quartic set,Non-reversible SGLD,180,0.018000000000000002,0.5355125000000001,0.04546098581267905,0.538675,0.05004600787316011,100
quartic set,Non-reversible SGLD,190,0.019,0.5372750000000002,0.04518712147249144,0.540025,0.054004413166093584,100
quartic set,Non-reversible SGLD,200,0.02,0.53704375,0.04840665603167804,0.5367500000000001,0.05091151464288137,100
quartic set,Non-reversible SGLD,210,0.021,0.53391875,0.04240443941390543,0.537,0.049936828780839396,100
quartic set,Non-reversible SGLD,220,0.022000000000000002,0.5343000000000001,0.047621313054878135,0.5343249999999999,0.053595302400433746,100
quartic set,Non-reversible SGLD,230,0.023,0.5395,0.04554601749435355,0.5378499999999999,0.047541874153001144,100
quartic set,Non-reversible SGLD,240,0.024,0.53998125,0.045330093240800826,0.5371250000000001,0.0544687091620297,100
quartic set,Non-reversible SGLD,250,0.025,0.5430937499999999,0.04147754189929264,0.536925,0.04700614482719416,100
quartic set,Non-reversible SGLD,260,0.026000000000000002,0.54393125,0.04530352314423573,0.54275,0.05009145676064972,100
quartic set,Non-reversible SGLD,270,0.027,0.54106875,0.047199281926008245,0.5405000000000001,0.04745279419346849,100
quartic set,Non-reversible SGLD,280,0.028,0.54481875,0.041978219216317794,0.54295,0.04535964588428216,100
quartic set,Non-reversible SGLD,290,0.029,0.54363125,0.04454603146045967,0.539125,0.05122782225243694,100
quartic set,Non-reversible SGLD,300,0.030000000000000002,0.5299375000000001,0.04462813700317029,0.5317999999999999,0.04992934401671421,100
quartic set,Non-reversible SGLD,310,0.031,0.52931875,0.043251497518156885,0.5274,0.04921725697190351,100
quartic set,Non-reversible SGLD,320,0.032,0.5339812500000001,0.043910928320259515,0.534675,0.05167724109774773,100
quartic set,Non-reversible SGLD,330,0.033,0.54461875,0.048323690832178155,0.5450250000000001,0.05146281265009313,100
quartic set,Non-reversible SGLD,340,0.034,0.5341,0.04885892712801838,0.5294249999999999,0.05546276278329052,100
quartic set,Non-reversible SGLD,350,0.035,0.54289375,0.04330114762968737,0.5373249999999999,0.049239487674676785,100
quartic set,Non-reversible SGLD,360,0.036000000000000004,0.536675,0.04894256515900484,0.535275,0.05122476589906626,100
quartic set,Non-reversible SGLD,370,0.037000000000000005,0.54338125,0.04539399411491068,0.5419499999999999,0.052686153855456254,100
quartic set,Non-reversible SGLD,380,0.038,0.5372,0.04538707334437501,0.5364249999999999,0.05421763918679878,100
quartic set,Non-reversible SGLD,390,0.039,0.5352125,0.04325041418322143,0.5334249999999999,0.051089957057343593,100
quartic set,Non-reversible SGLD,400,0.04,0.53475625,0.0462991050231748,0.5435500000000001,0.05285674846777712,100
quartic set,Non-reversible SGLD,410,0.041,0.5406812499999999,0.043659908593253055,0.54185,0.04711717073188688,100
quartic set,Non-reversible SGLD,420,0.042,0.53476875,0.040824505751893225,0.5377,0.048314625428570075,100
quartic set,Non-reversible SGLD,430,0.043000000000000003,0.53648125,0.041176343693768803,0.5335749999999999,0.045837127942092944,100
quartic set,Non-reversible SGLD,440,0.044000000000000004,0.5394749999999999,0.04468355698857819,0.53495,0.04989759715677903,100
quartic set,Non-reversible SGLD,450,0.045000000000000005,0.5483499999999999,0.04786076449219943,0.539175,0.05479191006974396,100
quartic set,Non-reversible SGLD,460,0.046,0.53771875,0.044719628028389,0.5360999999999999,0.05447907577198513,100
quartic set,Non-reversible SGLD,470,0.047,0.5383562500000001,0.04321193796877985,0.53805,0.04612179199651394,100
quartic set,Non-reversible SGLD,480,0.048,0.541875,0.04156768546295879,0.541725,0.04464746166730348,100
quartic set,Non-reversible SGLD,490,0.049,0.5408875,0.0433350797287949,0.540175,0.053154595143303326,100
quartic set,Non-reversible SGLD,500,0.05,0.53424375,0.04310850905232801,0.531575,0.050196149345252655,100
quartic set,Non-reversible SGLD,510,0.051000000000000004,0.5326000000000001,0.04322372136204654,0.529725,0.05002006541823436,100
quartic set,Non-reversible SGLD,520,0.052000000000000005,0.539375,0.04662877249341252,0.538475,0.05544459310014281,100
quartic set,Non-reversible SGLD,530,0.053000000000000005,0.5415625,0.043675848054535,0.5411500000000001,0.054243442093040245,100
quartic set,Non-reversible SGLD,540,0.054,0.5334812499999999,0.04339077404715911,0.5319,0.04664111854784295,100
quartic set,Non-reversible SGLD,550,0.055,0.53141875,0.04354704503175244,0.5333000000000001,0.05509046737830054,100
quartic set,Non-reversible SGLD,560,0.056,0.5420625,0.044077373644810576,0.5444499999999999,0.05255778445740181,100
quartic set,Non-reversible SGLD,570,0.057,0.5367500000000001,0.04662377967097992,0.5398,0.054012811798533865,100
quartic set,Non-reversible SGLD,580,0.058,0.53591875,0.04537185506464967,0.534425,0.05088094516425654,100
quartic set,Non-reversible SGLD,590,0.059000000000000004,0.5463125,0.04183021878119726,0.542975,0.04536843421622928,100
quartic set,Non-reversible SGLD,600,0.060000000000000005,0.5453375,0.04368984139547335,0.5416250000000001,0.05106859988230923,100
quartic set,Non-reversible SGLD,610,0.061000000000000006,0.5386937499999999,0.04435993440016986,0.536325,0.050771143030726266,100
quartic set,Non-reversible SGLD,620,0.062,0.53245,0.044318873667223466,0.535025,0.05042182543103712,100
quartic set,Non-reversible SGLD,630,0.063,0.5385000000000001,0.04713735503715699,0.5355249999999999,0.053788651829698844,100
quartic set,Non-reversible SGLD,640,0.064,0.53814375,0.04119692167802043,0.536775,0.05124374191897568,100
quartic set,Non-reversible SGLD,650,0.065,0.5339249999999999,0.043764525005875465,0.5304249999999999,0.04761489957582775,100
quartic set,Non-reversible SGLD,660,0.066,0.5339875000000001,0.046949375338730226,0.5316249999999999,0.05349687874403081,100
quartic set,Non-reversible SGLD,670,0.067,0.53703125,0.044112171122021246,0.535875,0.04321571303976545,100
quartic set,Non-reversible SGLD,680,0.068,0.5396125,0.04437475814416948,0.5336500000000001,0.05237589950048448,100
quartic set,Non-reversible SGLD,690,0.069,0.54018125,0.04072508989129479,0.539425,0.046339294090088134,100
quartic set,Non-reversible SGLD,700,0.07,0.5389875000000001,0.04694962746326528,0.5395750000000001,0.04979890748669781,100
quartic set,Non-reversible SGLD,710,0.07100000000000001,0.5396437500000001,0.04608096456389437,0.5337000000000001,0.053050243004422556,100
quartic set,Non-reversible SGLD,720,0.07200000000000001,0.5366312500000001,0.04462808351327874,0.534275,0.05266543798912014,100
quartic set,Non-reversible SGLD,730,0.07300000000000001,0.53479375,0.04480668837257074,0.53215,0.05234768670180473,100
quartic set,Non-reversible SGLD,740,0.07400000000000001,0.54583125,0.045111836250438346,0.54815,0.053835960157320555,100
quartic set,Non-reversible SGLD,750,0.075,0.5323187500000001,0.047487479659714706,0.534025,0.05298881981373548,100
quartic set,Non-reversible SGLD,760,0.076,0.53258125,0.04836439824252041,0.534375,0.05011523967292532,100
quartic set,Non-reversible SGLD,770,0.077,0.54278125,0.0450449038551611,0.5463749999999999,0.051495776771037505,100
quartic set,Non-reversible SGLD,780,0.078,0.54180625,0.04884984716318119,0.5391250000000001,0.05639235633962597,100
quartic set,Non-reversible SGLD,790,0.079,0.53205,0.044552619695335215,0.5352,0.05099598914709773,100
quartic set,Non-reversible SGLD,800,0.08,0.53848125,0.04865385291757219,0.538675,0.056497580845679955,100
quartic set,Non-reversible SGLD,810,0.081,0.53848125,0.04538427179042283,0.5379999999999999,0.04953827211399692,100
quartic set,Non-reversible SGLD,820,0.082,0.5361750000000001,0.041114742280942036,0.53445,0.05267177286332459,100
quartic set,Non-reversible SGLD,830,0.083,0.5364187499999999,0.04609069059783498,0.5372,0.0547967779042424,100
quartic set,Non-reversible SGLD,840,0.084,0.5383687500000001,0.04932186078915256,0.5399499999999999,0.05923755889499823,100
quartic set,Non-reversible SGLD,850,0.085,0.5359875000000001,0.04760448204590179,0.533925,0.04871097894414534,100
quartic set,Non-reversible SGLD,860,0.08600000000000001,0.5445187499999999,0.04476817169210778,0.543925,0.049036493058895965,100
quartic set,Non-reversible SGLD,870,0.08700000000000001,0.52919375,0.04328762659058544,0.5344249999999999,0.04962594298521407,100
quartic set,Non-reversible SGLD,880,0.08800000000000001,0.53785625,0.0453819243506173,0.54095,0.048788064652384534,100
quartic set,Non-reversible SGLD,890,0.08900000000000001,0.53784375,0.042329516854779856,0.5436249999999999,0.04927680909049829,100
quartic set,Non-reversible SGLD,900,0.09000000000000001,0.544425,0.049218937289205955,0.5455000000000001,0.05620916025853524,100
quartic set,Non-reversible SGLD,910,0.091,0.53398125,0.04646598956821032,0.53535,0.0547457622547032,100
quartic set,Non-reversible SGLD,920,0.092,0.53781875,0.04923976132805621,0.540825,0.05081787519558389,100
quartic set,Non-reversible SGLD,930,0.093,0.52886875,0.04397100519278745,0.535725,0.04914713916271005,100
quartic set,Non-reversible SGLD,940,0.094,0.53903125,0.04726169412968156,0.5421499999999999,0.054683455478145335,100
quartic set,Non-reversible SGLD,950,0.095,0.5432062499999999,0.04777694178524835,0.5486249999999999,0.055599777223229306,100
quartic set,Non-reversible SGLD,960,0.096,0.5375312499999999,0.04290281614909128,0.540525,0.05159855603452955,100
quartic set,Non-reversible SGLD,970,0.097,0.5405625,0.04559948089428522,0.54345,0.05109381844047557,100
quartic set,Non-reversible SGLD,980,0.098,0.54974375,0.04163427670993085,0.54665,0.04682767139289342,100
quartic set,Non-reversible SGLD,990,0.099,0.5402875000000001,0.04742038949277478,0.537125,0.048393868830710784,100
quartic set,Non-reversible SGLD,1000,0.1,0.54006875,0.049739051936713984,0.5364249999999999,0.05750412260144151,100
quartic set,Reversible anchored Langevin,0,0.0,0.49119375000000004,0.056564573180377505,0.49465000000000003,0.06366145068273502,100
quartic set,Reversible anchored Langevin,10,0.001,0.5413999999999999,0.0489599951362066,0.541275,0.05713542193240493,100
quartic set,Reversible anchored Langevin,20,0.002,0.61490625,0.02536715479933917,0.6056,0.03339978225296469,100
quartic set,Reversible anchored Langevin,30,0.003,0.65324375,0.011383084525764841,0.64045,0.0177182637040673,100
quartic set,Reversible anchored Langevin,40,0.004,0.6653187499999998,0.006116306833400608,0.6507749999999999,0.01312668940546225,100
quartic set,Reversible anchored Langevin,50,0.005,0.6672937499999998,0.006226632452983345,0.6533000000000001,0.01085301242917739,100
quartic set,Reversible anchored Langevin,60,0.006,0.6688,0.00534751901314615,0.654675,0.009112477570603269,100
quartic set,Reversible anchored Langevin,70,0.007,0.6689062500000001,0.0050956561702645885,0.6528499999999999,0.009776672917374987,100
quartic set,Reversible anchored Langevin,80,0.008,0.6673874999999999,0.00534582167149582,0.65335,0.011405186663456364,100
quartic set,Reversible anchored Langevin,90,0.009000000000000001,0.6679874999999998,0.005261156376134565,0.653275,0.008737870380583528,100
quartic set,Reversible anchored Langevin,100,0.01,0.6685,0.005603564657312957,0.654875,0.010404538393985552,100
quartic set,Reversible anchored Langevin,110,0.011000000000000001,0.6684062500000002,0.005749104426303759,0.6556000000000001,0.009962809631704095,100
quartic set,Reversible anchored Langevin,120,0.012,0.66798125,0.005507581293503115,0.6542749999999999,0.011466326413204086,100
quartic set,Reversible anchored Langevin,130,0.013000000000000001,0.668725,0.005517648452415615,0.6546999999999998,0.010536612454684006,100
quartic set,Reversible anchored Langevin,140,0.014,0.6689437500000001,0.005927070851294304,0.65455,0.010750734059973902,100
quartic set,Reversible anchored Langevin,150,0.015000000000000001,0.6688250000000001,0.0054820356298061965,0.6563499999999999,0.009727473329376832,100
quartic set,Reversible anchored Langevin,160,0.016,0.66899375,0.004511222503071891,0.6544500000000001,0.009174101667964094,100
quartic set,Reversible anchored Langevin,170,0.017,0.6684687500000002,0.005985155642770014,0.6552000000000001,0.009598505775969157,100
quartic set,Reversible anchored Langevin,180,0.018000000000000002,0.6696562499999998,0.0048578068676236276,0.6550250000000001,0.010209268664633472,100
quartic set,Reversible anchored Langevin,190,0.019,0.6688000000000001,0.004656509509072305,0.6552499999999999,0.009901662955934695,100
quartic set,Reversible anchored Langevin,200,0.02,0.66933125,0.005121823202402313,0.6544,0.0086246065640027,100
quartic set,Reversible anchored Langevin,210,0.021,0.6686312500000001,0.005381364419705914,0.653275,0.009479476768154456,100
quartic set,Reversible anchored Langevin,220,0.022000000000000002,0.6693062499999999,0.005372705494516524,0.6552,0.009236510775889958,100
quartic set,Reversible anchored Langevin,230,0.023,0.6684749999999999,0.005134952765020321,0.656375,0.009234425873443423,100
quartic set,Reversible anchored Langevin,240,0.024,0.66838125,0.005705509006011359,0.6551750000000002,0.010482398667203133,100
quartic set,Reversible anchored Langevin,250,0.025,0.6678125000000001,0.0061291987257880666,0.6533249999999999,0.010505259625443818,100
quartic set,Reversible anchored Langevin,260,0.026000000000000002,0.6694562500000001,0.005830393604494753,0.654075,0.010950156818211994,100
quartic set,Reversible anchored Langevin,270,0.027,0.66859375,0.005621403872924027,0.655075,0.00963641426039686,100
quartic set,Reversible anchored Langevin,280,0.028,0.6693374999999999,0.006000591826872354,0.6567000000000001,0.010771267428682762,100
quartic set,Reversible anchored Langevin,290,0.029,0.6692125,0.005812068926124343,0.6536250000000001,0.010313121729039174,100
quartic set,Reversible anchored Langevin,300,0.030000000000000002,0.6689562500000001,0.0055427167779260565,0.6554499999999999,0.009316136755136449,100
quartic set,Reversible anchored Langevin,310,0.031,0.6680437499999999,0.005121360958591162,0.6543750000000002,0.009316102872299815,100
quartic set,Reversible anchored Langevin,320,0.032,0.6685249999999998,0.005868750705941161,0.655675,0.009427119433213994,100
quartic set,Reversible anchored Langevin,330,0.033,0.6680937500000002,0.005799669503601915,0.6554000000000001,0.009345500727001414,100
quartic set,Reversible anchored Langevin,340,0.034,0.6683687500000002,0.005942495240582307,0.654225,0.009748704912692132,100
quartic set,Reversible anchored Langevin,350,0.035,0.6686000000000001,0.004833170059938181,0.653025,0.011176358299933166,100
quartic set,Reversible anchored Langevin,360,0.036000000000000004,0.66813125,0.006064478225617595,0.6538249999999999,0.009309866331538344,100
quartic set,Reversible anchored Langevin,370,0.037000000000000005,0.66940625,0.005060691471448536,0.6547250000000001,0.009872258601707614,100
quartic set,Reversible anchored Langevin,380,0.038,0.6688,0.005158993569143567,0.65475,0.01073968850064606,100
quartic set,Reversible anchored Langevin,390,0.039,0.6690375000000001,0.005015301712023541,0.6539,0.010337242662266667,100
quartic set,Reversible anchored Langevin,400,0.04,0.6688625000000001,0.004781676014228748,0.6551,0.009467648263236435,100
quartic set,Reversible anchored Langevin,410,0.041,0.6692000000000001,0.005289951404179995,0.6550500000000001,0.008876111397191548,100
quartic set,Reversible anchored Langevin,420,0.042,0.6675749999999998,0.006234374406660559,0.6537,0.009669278643981132,100
quartic set,Reversible anchored Langevin,430,0.043000000000000003,0.6686625,0.005490479018126272,0.6535,0.010842071068320169,100
quartic set,Reversible anchored Langevin,440,0.044000000000000004,0.66934375,0.005561421697777019,0.6528000000000002,0.010039568182592783,100
quartic set,Reversible anchored Langevin,450,0.045000000000000005,0.66830625,0.006037612929491559,0.65455,0.010052764834018598,100
quartic set,Reversible anchored Langevin,460,0.046,0.6685187499999999,0.006134446307738396,0.6539750000000001,0.01021297822588614,100
quartic set,Reversible anchored Langevin,470,0.047,0.6686625000000003,0.006169315053741641,0.653925,0.009019164500264335,100
quartic set,Reversible anchored Langevin,480,0.048,0.6678812500000001,0.006186479611812662,0.654975,0.01082164287645156,100
quartic set,Reversible anchored Langevin,490,0.049,0.6692625000000001,0.005201419653723527,0.6569499999999998,0.009696010842744887,100
quartic set,Reversible anchored Langevin,500,0.05,0.66819375,0.005907199398602399,0.6540499999999999,0.010479537540879718,100
quartic set,Reversible anchored Langevin,510,0.051000000000000004,0.6691624999999999,0.005286325149464287,0.6542749999999999,0.010655859819125285,100
quartic set,Reversible anchored Langevin,520,0.052000000000000005,0.6694625000000001,0.005827256033399241,0.6536500000000001,0.009550635919384983,100
quartic set,Reversible anchored Langevin,530,0.053000000000000005,0.6683625,0.005187290825769375,0.652875,0.009958087672892335,100
quartic set,Reversible anchored Langevin,540,0.054,0.6684750000000002,0.005936134212931794,0.6541000000000001,0.01122834616387283,100
quartic set,Reversible anchored Langevin,550,0.055,0.6685062500000001,0.005167563918913886,0.65265,0.009346176228865478,100
quartic set,Reversible anchored Langevin,560,0.056,0.6683437499999999,0.005394312117378546,0.653575,0.00944986104328386,100
quartic set,Reversible anchored Langevin,570,0.057,0.6682125000000001,0.005781711522664654,0.6533250000000002,0.011348780693639447,100
quartic set,Reversible anchored Langevin,580,0.058,0.6691000000000001,0.004908667092629388,0.6530499999999999,0.009070292278653547,100
quartic set,Reversible anchored Langevin,590,0.059000000000000004,0.6689625000000001,0.005716649549404532,0.65445,0.011127021437051621,100
quartic set,Reversible anchored Langevin,600,0.060000000000000005,0.6681937499999999,0.005017248500186758,0.653025,0.010548678647684807,100
quartic set,Reversible anchored Langevin,610,0.061000000000000006,0.6700750000000001,0.005604465887021516,0.654225,0.009446119132567977,100
quartic set,Reversible anchored Langevin,620,0.062,0.6683937499999999,0.00582606080751208,0.6545250000000001,0.009126599762908602,100
quartic set,Reversible anchored Langevin,630,0.063,0.6672937499999999,0.0056964839135446275,0.654225,0.010259849911281366,100
quartic set,Reversible anchored Langevin,640,0.064,0.6682687499999999,0.005895806563811158,0.6548750000000001,0.009470681766975032,100
quartic set,Reversible anchored Langevin,650,0.065,0.6680937500000002,0.005547213987009757,0.6552999999999999,0.011613950162792961,100
quartic set,Reversible anchored Langevin,660,0.066,0.667675,0.005355923983513183,0.6548500000000002,0.010599575939678453,100
quartic set,Reversible anchored Langevin,670,0.067,0.6680625,0.005282800972127484,0.6536,0.009655165571973504,100
quartic set,Reversible anchored Langevin,680,0.068,0.6680562499999999,0.005900516129410577,0.654275,0.010083583768490336,100
quartic set,Reversible anchored Langevin,690,0.069,0.6693312499999999,0.005180802235711718,0.6548250000000002,0.009602286922468749,100
quartic set,Reversible anchored Langevin,700,0.07,0.6689375,0.005575681663267819,0.6544250000000001,0.00940029416045213,100
quartic set,Reversible anchored Langevin,710,0.07100000000000001,0.66880625,0.00579675694664567,0.6531,0.010577515700004352,100
quartic set,Reversible anchored Langevin,720,0.07200000000000001,0.6683625000000001,0.004932290916690615,0.6536249999999998,0.009241259862074221,100
quartic set,Reversible anchored Langevin,730,0.07300000000000001,0.6687000000000001,0.005627931334967681,0.6542,0.008967393234053114,100
quartic set,Reversible anchored Langevin,740,0.07400000000000001,0.6683437499999998,0.006038318690963265,0.6524,0.009652549775666394,100
quartic set,Reversible anchored Langevin,750,0.075,0.6689187500000002,0.0046583521371659315,0.653275,0.010345636615003314,100
quartic set,Reversible anchored Langevin,760,0.076,0.6688875000000002,0.005222767876608082,0.6545749999999999,0.009211700673216073,100
quartic set,Reversible anchored Langevin,770,0.077,0.6684750000000002,0.005623470611390424,0.6541750000000001,0.009388197781031124,100
quartic set,Reversible anchored Langevin,780,0.078,0.6691750000000002,0.0048590291356827835,0.6547000000000002,0.010596359199405637,100
quartic set,Reversible anchored Langevin,790,0.079,0.6684375000000001,0.005726497312026474,0.6540250000000001,0.00888261694763339,100
quartic set,Reversible anchored Langevin,800,0.08,0.668975,0.0047378566201960294,0.6543249999999999,0.010389236611692776,100
quartic set,Reversible anchored Langevin,810,0.081,0.66815625,0.005620701921324764,0.65385,0.010002651163718068,100
quartic set,Reversible anchored Langevin,820,0.082,0.66760625,0.005524177089180459,0.6533249999999999,0.009666503394650416,100
quartic set,Reversible anchored Langevin,830,0.083,0.6687375,0.00556256029362397,0.6561250000000001,0.009089725301713258,100
quartic set,Reversible anchored Langevin,840,0.084,0.6688,0.005796474459670818,0.655025,0.009760354512107662,100
quartic set,Reversible anchored Langevin,850,0.085,0.6689249999999999,0.00571310075195775,0.656075,0.010342951291296972,100
quartic set,Reversible anchored Langevin,860,0.08600000000000001,0.66904375,0.0054800019526926366,0.655175,0.010685205244220217,100
quartic set,Reversible anchored Langevin,870,0.08700000000000001,0.6687562499999999,0.005219680820333903,0.655925,0.008200879171888789,100
quartic set,Reversible anchored Langevin,880,0.08800000000000001,0.6686687499999999,0.0051543834622836005,0.6551249999999998,0.008152391667418223,100
quartic set,Reversible anchored Langevin,890,0.08900000000000001,0.6700937499999999,0.0049654543657233225,0.6551250000000001,0.009288957004003322,100
quartic set,Reversible anchored Langevin,900,0.09000000000000001,0.66898125,0.004742131141707441,0.6559499999999998,0.00914791470414671,100
quartic set,Reversible anchored Langevin,910,0.091,0.6687062500000001,0.004986768319282742,0.6545000000000001,0.009949366763261832,100
quartic set,Reversible anchored Langevin,920,0.092,0.66901875,0.005742841805898518,0.6562250000000001,0.00986330179109523,100
quartic set,Reversible anchored Langevin,930,0.093,0.6683687500000001,0.0065350979131799155,0.655175,0.010744125714721395,100
quartic set,Reversible anchored Langevin,940,0.094,0.6682500000000001,0.005354391429075535,0.6542,0.011447508661077955,100
quartic set,Reversible anchored Langevin,950,0.095,0.6685812500000001,0.005607685895133998,0.6545000000000002,0.010414393691405949,100
quartic set,Reversible anchored Langevin,960,0.096,0.6685750000000001,0.005112435324724897,0.6527999999999998,0.010158342344689871,100
quartic set,Reversible anchored Langevin,970,0.097,0.6690937499999998,0.00547850410788392,0.654525,0.009446119132567979,100
quartic set,Reversible anchored Langevin,980,0.098,0.6687062500000001,0.0046561493701416795,0.655575,0.00989754969166562,100
quartic set,Reversible anchored Langevin,990,0.099,0.6686000000000001,0.005649232315773162,0.6550499999999999,0.009527869805486592,100
quartic set,Reversible anchored Langevin,1000,0.1,0.6684750000000002,0.005677935542096448,0.6541250000000001,0.009603075843528769,100
quartic set,Non-reversible anchored Langevin,0,0.0,0.49119375000000004,0.056564573180377505,0.49465000000000003,0.06366145068273502,100
quartic set,Non-reversible anchored Langevin,10,0.001,0.50799375,0.05082194474699056,0.5059999999999999,0.05318753746333949,100
quartic set,Non-reversible anchored Langevin,20,0.002,0.5177562499999999,0.048765949783329376,0.5218499999999999,0.05077259162782673,100
quartic set,Non-reversible anchored Langevin,30,0.003,0.5253812500000001,0.05108906233322729,0.5188499999999999,0.05043800575203609,100
quartic set,Non-reversible anchored Langevin,40,0.004,0.5396875,0.045549179424135854,0.542025,0.053889963412175904,100
quartic set,Non-reversible anchored Langevin,50,0.005,0.5357375,0.04334538548890549,0.5335249999999999,0.0501136272017216,100
quartic set,Non-reversible anchored Langevin,60,0.006,0.5375937500000001,0.04679799019240015,0.5371,0.05049967496645074,100
quartic set,Non-reversible anchored Langevin,70,0.007,0.54420625,0.0432564928236388,0.547675,0.05240100695886512,100
quartic set,Non-reversible anchored Langevin,80,0.008,0.5401375,0.043226994742810304,0.5390750000000001,0.05495022426218702,100
quartic set,Non-reversible anchored Langevin,90,0.009000000000000001,0.5413250000000002,0.04723362644527432,0.5414249999999999,0.05093228694585934,100
quartic set,Non-reversible anchored Langevin,100,0.01,0.5396375,0.04619521222568155,0.5383749999999999,0.051552139684600935,100
quartic set,Non-reversible anchored Langevin,110,0.011000000000000001,0.55570625,0.04394281599951432,0.5557000000000001,0.052812418190720224,100
quartic set,Non-reversible anchored Langevin,120,0.012,0.55500625,0.047009486789042834,0.555125,0.04801669401406561,100
quartic set,Non-reversible anchored Langevin,130,0.013000000000000001,0.541075,0.04681474072869517,0.5441999999999999,0.05177515491687753,100
quartic set,Non-reversible anchored Langevin,140,0.014,0.55455625,0.0461534358263091,0.5553,0.0491728039312855,100
quartic set,Non-reversible anchored Langevin,150,0.015000000000000001,0.5461125,0.05205321705046702,0.545525,0.05350386444081409,100
quartic set,Non-reversible anchored Langevin,160,0.016,0.53835,0.04425587046604179,0.5384,0.049052280911556626,100
quartic set,Non-reversible anchored Langevin,170,0.017,0.5452,0.04583676640035163,0.5473999999999999,0.051621338865459776,100
quartic set,Non-reversible anchored Langevin,180,0.018000000000000002,0.5433437500000001,0.0460565651029067,0.5490999999999999,0.049117875122664426,100
quartic set,Non-reversible anchored Langevin,190,0.019,0.54411875,0.04481576122559783,0.5417,0.05177149677948165,100
quartic set,Non-reversible anchored Langevin,200,0.02,0.54438125,0.04100261515049122,0.5428999999999999,0.048314677695376194,100
quartic set,Non-reversible anchored Langevin,210,0.021,0.5448875000000001,0.043839949019706954,0.54865,0.04705791080888494,100
quartic set,Non-reversible anchored Langevin,220,0.022000000000000002,0.54368125,0.04142285628021824,0.5409,0.04934996648346574,100
quartic set,Non-reversible anchored Langevin,230,0.023,0.54405625,0.04438371259965516,0.5447500000000001,0.05080351833040184,100
quartic set,Non-reversible anchored Langevin,240,0.024,0.543825,0.047218587575511645,0.543975,0.05006951606910076,100
quartic set,Non-reversible anchored Langevin,250,0.025,0.54720625,0.04577565715053287,0.54985,0.0530018343498076,100
quartic set,Non-reversible anchored Langevin,260,0.026000000000000002,0.5523125,0.04496767743489639,0.5509,0.04697210648756119,100
quartic set,Non-reversible anchored Langevin,270,0.027,0.5484687500000001,0.04531728901895807,0.552675,0.05176219785000079,100
quartic set,Non-reversible anchored Langevin,280,0.028,0.54968125,0.043534144177648684,0.5512249999999999,0.047688349327861645,100
quartic set,Non-reversible anchored Langevin,290,0.029,0.54318125,0.047467766758058826,0.549225,0.04839950407751607,100
quartic set,Non-reversible anchored Langevin,300,0.030000000000000002,0.54753125,0.04596806771754001,0.545325,0.04764087960030659,100
quartic set,Non-reversible anchored Langevin,310,0.031,0.54899375,0.041940284835806564,0.5517500000000001,0.04731222854291446,100
quartic set,Non-reversible anchored Langevin,320,0.032,0.5395312499999999,0.04365071481344547,0.5406,0.0510868244889388,100
quartic set,Non-reversible anchored Langevin,330,0.033,0.5478187499999999,0.04280218761740875,0.54935,0.04607802451748929,100
quartic set,Non-reversible anchored Langevin,340,0.034,0.54363125,0.04463513832079684,0.5436000000000001,0.04867605762444804,100
quartic set,Non-reversible anchored Langevin,350,0.035,0.5467375000000001,0.04596267734078742,0.55,0.048702871547473436,100
quartic set,Non-reversible anchored Langevin,360,0.036000000000000004,0.5415625,0.04333947909507362,0.5422,0.05148830405582859,100
quartic set,Non-reversible anchored Langevin,370,0.037000000000000005,0.53913125,0.04351523365777098,0.5421499999999999,0.049333973173573895,100
quartic set,Non-reversible anchored Langevin,380,0.038,0.5480374999999998,0.041837247417398846,0.553625,0.04793774240058293,100
quartic set,Non-reversible anchored Langevin,390,0.039,0.54974375,0.04219645153815207,0.5453250000000001,0.049415338016785146,100
quartic set,Non-reversible anchored Langevin,400,0.04,0.5526,0.04073743376921294,0.5563,0.04733488046980693,100
quartic set,Non-reversible anchored Langevin,410,0.041,0.5508125,0.04175969728002338,0.5479499999999999,0.047008192924427566,100
quartic set,Non-reversible anchored Langevin,420,0.042,0.5391812500000001,0.04603748395576448,0.5424,0.052619416856356654,100
quartic set,Non-reversible anchored Langevin,430,0.043000000000000003,0.53753125,0.038492277425498156,0.5391750000000001,0.0445219486786171,100
quartic set,Non-reversible anchored Langevin,440,0.044000000000000004,0.5398124999999999,0.041645212279541585,0.5440499999999999,0.05188222384897502,100
quartic set,Non-reversible anchored Langevin,450,0.045000000000000005,0.5366875,0.042787435983362015,0.537725,0.04909418771786298,100
quartic set,Non-reversible anchored Langevin,460,0.046,0.54006875,0.04171114056411178,0.5422500000000001,0.04982355229844981,100
quartic set,Non-reversible anchored Langevin,470,0.047,0.5354062499999999,0.04106664320379471,0.54195,0.04872824559936382,100
quartic set,Non-reversible anchored Langevin,480,0.048,0.5408375,0.04289857113358242,0.53895,0.04577224579205706,100
quartic set,Non-reversible anchored Langevin,490,0.049,0.53823125,0.04006032924830153,0.54135,0.04678612955985908,100
quartic set,Non-reversible anchored Langevin,500,0.05,0.5409937499999998,0.04213047680055282,0.542025,0.0470824215519117,100
quartic set,Non-reversible anchored Langevin,510,0.051000000000000004,0.54665625,0.04131989935875542,0.5480499999999999,0.04626665684219615,100
quartic set,Non-reversible anchored Langevin,520,0.052000000000000005,0.5432312499999999,0.0433092932114139,0.5388000000000001,0.05189159251494768,100
quartic set,Non-reversible anchored Langevin,530,0.053000000000000005,0.5403874999999999,0.044443438475042056,0.543875,0.04552496124061608,100
quartic set,Non-reversible anchored Langevin,540,0.054,0.54524375,0.03973137140122043,0.5485749999999999,0.04441575699790526,100
quartic set,Non-reversible anchored Langevin,550,0.055,0.5418624999999999,0.04469700003209037,0.54465,0.04886078450686463,100
quartic set,Non-reversible anchored Langevin,560,0.056,0.55103125,0.04484905370653,0.549725,0.051728817701626253,100
quartic set,Non-reversible anchored Langevin,570,0.057,0.5480125,0.044644214661899675,0.5421,0.054613795570960515,100
quartic set,Non-reversible anchored Langevin,580,0.058,0.5446562500000001,0.044377923061359,0.54735,0.048397058304459506,100
quartic set,Non-reversible anchored Langevin,590,0.059000000000000004,0.5414812499999999,0.04200559642473221,0.5403,0.05108207893066597,100
quartic set,Non-reversible anchored Langevin,600,0.060000000000000005,0.5363625000000001,0.0441586595800766,0.536325,0.04993993235312143,100
quartic set,Non-reversible anchored Langevin,610,0.061000000000000006,0.5484874999999999,0.049680734165491375,0.55115,0.05002703814393319,100
quartic set,Non-reversible anchored Langevin,620,0.062,0.5547062500000001,0.04307299556165139,0.556775,0.050162985619504614,100
quartic set,Non-reversible anchored Langevin,630,0.063,0.5425812499999999,0.041882551991258905,0.546675,0.04574171973420353,100
quartic set,Non-reversible anchored Langevin,640,0.064,0.5450250000000001,0.040980709615696755,0.54135,0.04697734786172174,100
quartic set,Non-reversible anchored Langevin,650,0.065,0.5403812499999999,0.042411700366374976,0.542125,0.05133123642903348,100
quartic set,Non-reversible anchored Langevin,660,0.066,0.5504125,0.041937210686352464,0.5505500000000001,0.04782594177923428,100
quartic set,Non-reversible anchored Langevin,670,0.067,0.5421062499999999,0.043988765406721475,0.5440999999999999,0.05077122385482914,100
quartic set,Non-reversible anchored Langevin,680,0.068,0.5448937500000001,0.044550137652266106,0.5431,0.048489976054621624,100
quartic set,Non-reversible anchored Langevin,690,0.069,0.54293125,0.041999869885410525,0.54545,0.046973262328024165,100
quartic set,Non-reversible anchored Langevin,700,0.07,0.54366875,0.04713339178222234,0.545275,0.05178370785285559,100
quartic set,Non-reversible anchored Langevin,710,0.07100000000000001,0.54293125,0.04851078441161097,0.5433999999999999,0.05296096332548755,100
quartic set,Non-reversible anchored Langevin,720,0.07200000000000001,0.5373375,0.04088100379099804,0.5389,0.0472064560727608,100
quartic set,Non-reversible anchored Langevin,730,0.07300000000000001,0.5352375,0.04453576299566519,0.53615,0.04628553780719211,100
quartic set,Non-reversible anchored Langevin,740,0.07400000000000001,0.53528125,0.044006496934107533,0.536625,0.047896899743621255,100
quartic set,Non-reversible anchored Langevin,750,0.075,0.5423625,0.0443820310264222,0.543125,0.05223825444320214,100
quartic set,Non-reversible anchored Langevin,760,0.076,0.5412625,0.04354361312163782,0.538675,0.05072635912522217,100
quartic set,Non-reversible anchored Langevin,770,0.077,0.5389499999999999,0.043339513690969084,0.543275,0.05221083786829216,100
quartic set,Non-reversible anchored Langevin,780,0.078,0.5339,0.04557763730962009,0.5324,0.05104330702373419,100
quartic set,Non-reversible anchored Langevin,790,0.079,0.5440000000000002,0.04659550513177048,0.5451499999999999,0.050055297704467094,100
quartic set,Non-reversible anchored Langevin,800,0.08,0.5409625,0.042636295490835245,0.542175,0.04874647746921377,100
quartic set,Non-reversible anchored Langevin,810,0.081,0.5463999999999999,0.04431196796634635,0.5444,0.05317224726102781,100
quartic set,Non-reversible anchored Langevin,820,0.082,0.5474875,0.040576844030365974,0.5493,0.048970564236244636,100
quartic set,Non-reversible anchored Langevin,830,0.083,0.5447625,0.04261605700195572,0.5501999999999999,0.04909493997667307,100
quartic set,Non-reversible anchored Langevin,840,0.084,0.5423062500000001,0.04071456666941554,0.545025,0.04454241962965917,100
quartic set,Non-reversible anchored Langevin,850,0.085,0.53715625,0.04277552687202453,0.5398,0.050364429487245836,100
quartic set,Non-reversible anchored Langevin,860,0.08600000000000001,0.54603125,0.04416214376141103,0.5477000000000001,0.049316899392161356,100
quartic set,Non-reversible anchored Langevin,870,0.08700000000000001,0.5483374999999999,0.039085305968826284,0.5467500000000001,0.04403353290620707,100
quartic set,Non-reversible anchored Langevin,880,0.08800000000000001,0.5392000000000001,0.04387213111861433,0.542475,0.051543713672880805,100
quartic set,Non-reversible anchored Langevin,890,0.08900000000000001,0.54464375,0.04588308723406466,0.5468749999999999,0.049023771547767284,100
quartic set,Non-reversible anchored Langevin,900,0.09000000000000001,0.5379999999999999,0.044514159732232016,0.5399499999999999,0.05052624580504191,100
quartic set,Non-reversible anchored Langevin,910,0.091,0.54149375,0.04197517369535296,0.54045,0.05222496500426756,100
quartic set,Non-reversible anchored Langevin,920,0.092,0.54735,0.041901809976335504,0.54335,0.048126805357715095,100
quartic set,Non-reversible anchored Langevin,930,0.093,0.5408062499999999,0.043937844841096876,0.5426,0.05061730051189129,100
quartic set,Non-reversible anchored Langevin,940,0.094,0.5347250000000001,0.044216695507649166,0.5337,0.0513731643973974,100
quartic set,Non-reversible anchored Langevin,950,0.095,0.5411,0.04458768033183311,0.540875,0.053577064999301656,100
quartic set,Non-reversible anchored Langevin,960,0.096,0.5495187500000001,0.04423244592390992,0.5534,0.05073266236166824,100
quartic set,Non-reversible anchored Langevin,970,0.097,0.5478187499999999,0.04675641523733358,0.5447250000000001,0.04822858948211469,100
quartic set,Non-reversible anchored Langevin,980,0.098,0.54185,0.04577699016190152,0.548625,0.05280320692549044,100
quartic set,Non-reversible anchored Langevin,990,0.099,0.54055,0.047406313776316614,0.540975,0.052642177611078776,100
quartic set,Non-reversible anchored Langevin,1000,0.1,0.5429624999999999,0.04462514147050547,0.5429499999999999,0.05293933539744557,100
unit ball [d=3],Projected SGLD,0,0.0,0.49235625,0.09800418618500616,0.49459999999999993,0.09438913115824343,100
unit ball [d=3],Projected SGLD,10,0.001,0.6056750000000001,0.05747018880263141,0.59895,0.056055280254802435,100
unit ball [d=3],Projected SGLD,20,0.002,0.6625375000000001,0.014012592415828029,0.6538249999999999,0.015388303146785683,100
unit ball [d=3],Projected SGLD,30,0.003,0.6724437499999998,0.00781286362790122,0.6637000000000001,0.010190607678077156,100
unit ball [d=3],Projected SGLD,40,0.004,0.6750687500000002,0.006141671677766143,0.66345,0.009092537732901779,100
unit ball [d=3],Projected SGLD,50,0.005,0.6764749999999999,0.005026382417009292,0.66545,0.009172725270544682,100
unit ball [d=3],Projected SGLD,60,0.006,0.6773374999999998,0.0042330134393571,0.66515,0.008399885761608963,100
unit ball [d=3],Projected SGLD,70,0.007,0.6775312499999999,0.004444678714627487,0.6644000000000001,0.008142667272032575,100
unit ball [d=3],Projected SGLD,80,0.008,0.6770375000000002,0.004960879152901934,0.665425,0.008572735440295189,100
unit ball [d=3],Projected SGLD,90,0.009000000000000001,0.6774562500000002,0.004173531277073062,0.6647,0.008274641803105255,100
unit ball [d=3],Projected SGLD,100,0.01,0.6767312499999999,0.004692110527203608,0.6655,0.007385489458759971,100
unit ball [d=3],Projected SGLD,110,0.011000000000000001,0.6769874999999999,0.005195347447573658,0.6641750000000001,0.008134405977455312,100
unit ball [d=3],Projected SGLD,120,0.012,0.67648125,0.004727130452040232,0.664125,0.008082396071872899,100
unit ball [d=3],Projected SGLD,130,0.013000000000000001,0.67700625,0.004557689106046374,0.6644,0.00857321409974113,100
unit ball [d=3],Projected SGLD,140,0.014,0.6775187499999998,0.00413764037419417,0.6651,0.008453079051715152,100
unit ball [d=3],Projected SGLD,150,0.015000000000000001,0.6775937500000002,0.004933566711054414,0.6655,0.008703882797784898,100
unit ball [d=3],Projected SGLD,160,0.016,0.6772875,0.004973271361016116,0.6640250000000002,0.009127983115539594,100
unit ball [d=3],Projected SGLD,170,0.017,0.67706875,0.004503168602453305,0.6635500000000001,0.008521956194075246,100
unit ball [d=3],Projected SGLD,180,0.018000000000000002,0.6774,0.004435209787438005,0.664225,0.007871241286731051,100
unit ball [d=3],Projected SGLD,190,0.019,0.67706875,0.004752968736017056,0.6646999999999998,0.008567026286520866,100
unit ball [d=3],Projected SGLD,200,0.02,0.6771812499999998,0.00396430470644671,0.6647,0.008625777669522936,100
unit ball [d=3],Projected SGLD,210,0.021,0.6779000000000001,0.004294920067223421,0.6632250000000001,0.00825948337709846,100
unit ball [d=3],Projected SGLD,220,0.022000000000000002,0.6774062500000001,0.004061528632899019,0.6628250000000001,0.007870920460078918,100
unit ball [d=3],Projected SGLD,230,0.023,0.6774187500000001,0.004444927274120715,0.6640250000000002,0.008659488577522495,100
unit ball [d=3],Projected SGLD,240,0.024,0.6768999999999998,0.004501613066670686,0.6638250000000002,0.006876021503541987,100
unit ball [d=3],Projected SGLD,250,0.025,0.6766312500000001,0.004653301172883135,0.6661250000000001,0.008252448366418549,100
unit ball [d=3],Projected SGLD,260,0.026000000000000002,0.6775625,0.0041963901935551376,0.6662250000000001,0.008191944491111658,100
unit ball [d=3],Projected SGLD,270,0.027,0.6768500000000002,0.004551299903113489,0.666175,0.008336779590429031,100
unit ball [d=3],Projected SGLD,280,0.028,0.6769687499999999,0.0049622748212402755,0.6658,0.008309663353620596,100
unit ball [d=3],Projected SGLD,290,0.029,0.6774312499999999,0.0051037955956643915,0.6650000000000001,0.008118441408859896,100
unit ball [d=3],Projected SGLD,300,0.030000000000000002,0.6770125,0.00422271021568573,0.66525,0.008176555546564868,100
unit ball [d=3],Projected SGLD,310,0.031,0.6772874999999999,0.0040026624661819625,0.6654000000000001,0.008436632484396118,100
unit ball [d=3],Projected SGLD,320,0.032,0.6773624999999999,0.004544932103814408,0.6654000000000001,0.008511133528466937,100
unit ball [d=3],Projected SGLD,330,0.033,0.6773625,0.004695241923178373,0.6652749999999998,0.00833253784081939,100
unit ball [d=3],Projected SGLD,340,0.034,0.67648125,0.00552888920543355,0.6649249999999999,0.008985503195523764,100
unit ball [d=3],Projected SGLD,350,0.035,0.6763374999999998,0.005615536371298266,0.6647,0.008785318331273962,100
unit ball [d=3],Projected SGLD,360,0.036000000000000004,0.676825,0.0049433980563408425,0.6649250000000001,0.007756188470889532,100
unit ball [d=3],Projected SGLD,370,0.037000000000000005,0.67740625,0.0039050187453474766,0.6651250000000002,0.00808239607187289,100
unit ball [d=3],Projected SGLD,380,0.038,0.6775687499999999,0.004309937388223183,0.665375,0.00770654156079644,100
unit ball [d=3],Projected SGLD,390,0.039,0.6776374999999999,0.003710418208615887,0.6639750000000001,0.008181148261013665,100
unit ball [d=3],Projected SGLD,400,0.04,0.67719375,0.004336951250474224,0.6638250000000001,0.008560944616528758,100
unit ball [d=3],Projected SGLD,410,0.041,0.67735,0.004182847370059318,0.664225,0.007782515692566935,100
unit ball [d=3],Projected SGLD,420,0.042,0.67730625,0.004697858924257122,0.6647500000000001,0.008750901829427806,100
unit ball [d=3],Projected SGLD,430,0.043000000000000003,0.6763875000000001,0.0045492708095902475,0.6644,0.008189054039423976,100
unit ball [d=3],Projected SGLD,440,0.044000000000000004,0.6768500000000001,0.004244463119372957,0.6648999999999999,0.008453079051715157,100
unit ball [d=3],Projected SGLD,450,0.045000000000000005,0.676575,0.004405539155713548,0.6658250000000001,0.007487826821251318,100
unit ball [d=3],Projected SGLD,460,0.046,0.67585625,0.00531567789679974,0.665,0.009142530206997339,100
unit ball [d=3],Projected SGLD,470,0.047,0.6757937499999999,0.004744792966021178,0.665375,0.00906886531942218,100
unit ball [d=3],Projected SGLD,480,0.048,0.6766625,0.00509166294698073,0.664475,0.007827810754746267,100
unit ball [d=3],Projected SGLD,490,0.049,0.6761687500000002,0.0052926172792051975,0.6665499999999999,0.00917547785891253,100
unit ball [d=3],Projected SGLD,500,0.05,0.6766187499999999,0.005433463903199668,0.6651,0.008659670836117215,100
unit ball [d=3],Projected SGLD,510,0.051000000000000004,0.6761062499999998,0.00468369374085036,0.6642,0.008023639316344424,100
unit ball [d=3],Projected SGLD,520,0.052000000000000005,0.67638125,0.006000246601624226,0.6642249999999998,0.008270177345942067,100
unit ball [d=3],Projected SGLD,530,0.053000000000000005,0.67591875,0.005910244460539123,0.6646,0.009154399505321495,100
unit ball [d=3],Projected SGLD,540,0.054,0.6767500000000001,0.004315522838977617,0.66455,0.0076076450118458296,100
unit ball [d=3],Projected SGLD,550,0.055,0.6770562500000001,0.0046136180928383844,0.6645749999999999,0.008134405977455308,100
unit ball [d=3],Projected SGLD,560,0.056,0.6779375000000001,0.00415386290339511,0.6641000000000001,0.00806006491690027,100
unit ball [d=3],Projected SGLD,570,0.057,0.6779187499999999,0.004289896479584979,0.6641499999999999,0.007746129695049355,100
unit ball [d=3],Projected SGLD,580,0.058,0.6774187500000001,0.004169180113122552,0.664725,0.008286954272295173,100
unit ball [d=3],Projected SGLD,590,0.059000000000000004,0.67723125,0.004171640024309898,0.6650250000000001,0.007780893135096898,100
unit ball [d=3],Projected SGLD,600,0.060000000000000005,0.6772812500000001,0.004611975757895322,0.6652499999999999,0.008509501522510962,100
unit ball [d=3],Projected SGLD,610,0.061000000000000006,0.67675,0.004402421280535652,0.6653999999999999,0.008399134154509899,100
unit ball [d=3],Projected SGLD,620,0.062,0.6771562499999999,0.004401861083391294,0.664325,0.00775130324656455,100
unit ball [d=3],Projected SGLD,630,0.063,0.6767375,0.004705315471556475,0.6652750000000001,0.007677980782008315,100
unit ball [d=3],Projected SGLD,640,0.064,0.67665,0.004704426509988097,0.6656,0.008762581142724355,100
unit ball [d=3],Projected SGLD,650,0.065,0.6763125000000001,0.004781775033891444,0.6664999999999999,0.008498365855987981,100
unit ball [d=3],Projected SGLD,660,0.066,0.6764312499999999,0.004793144534940325,0.6657,0.008646246339167994,100
unit ball [d=3],Projected SGLD,670,0.067,0.6765812499999998,0.005012181342046151,0.6652000000000001,0.00862870473793985,100
unit ball [d=3],Projected SGLD,680,0.068,0.6759937500000001,0.005290708425526724,0.664375,0.008471394230114683,100
unit ball [d=3],Projected SGLD,690,0.069,0.6773375000000001,0.005269429535183356,0.662825,0.00816229784194415,100
unit ball [d=3],Projected SGLD,700,0.07,0.6771250000000001,0.005238925308098825,0.664275,0.008698767763658296,100
unit ball [d=3],Projected SGLD,710,0.07100000000000001,0.6761124999999999,0.00520536278924695,0.6656749999999999,0.00896017422945683,100
unit ball [d=3],Projected SGLD,720,0.07200000000000001,0.6767000000000003,0.005548426612904591,0.66535,0.008453825862718716,100
unit ball [d=3],Projected SGLD,730,0.07300000000000001,0.6766562500000001,0.004743562057934392,0.66535,0.00831072691274247,100
unit ball [d=3],Projected SGLD,740,0.07400000000000001,0.6766875,0.005047517266494047,0.6656,0.008096014732289875,100
unit ball [d=3],Projected SGLD,750,0.075,0.6765875,0.004759377373123293,0.6644749999999998,0.009130749192047769,100
unit ball [d=3],Projected SGLD,760,0.076,0.67758125,0.004092767973431116,0.6647750000000001,0.009442108296927612,100
unit ball [d=3],Projected SGLD,770,0.077,0.6770625000000001,0.004648724300952106,0.6648999999999999,0.008241310085125547,100
unit ball [d=3],Projected SGLD,780,0.078,0.6768312499999999,0.004266100481787446,0.66425,0.007973282405837164,100
unit ball [d=3],Projected SGLD,790,0.079,0.6775375,0.0038237899980902426,0.6644500000000001,0.008307383839851525,100
unit ball [d=3],Projected SGLD,800,0.08,0.6771875,0.004255214418507576,0.6653999999999999,0.008788479603285989,100
unit ball [d=3],Projected SGLD,810,0.081,0.6775749999999999,0.003976017117821821,0.66525,0.008352251254009369,100
unit ball [d=3],Projected SGLD,820,0.082,0.6769874999999999,0.004827664517856408,0.6639000000000002,0.008582046093532433,100
unit ball [d=3],Projected SGLD,830,0.083,0.6765312499999999,0.0052587521744058415,0.66425,0.00877971146071062,100
unit ball [d=3],Projected SGLD,840,0.084,0.67755625,0.004234388103803952,0.6639499999999999,0.007680323804200822,100
unit ball [d=3],Projected SGLD,850,0.085,0.6772250000000001,0.004835781772736999,0.6645749999999999,0.00730862746030576,100
unit ball [d=3],Projected SGLD,860,0.08600000000000001,0.6773250000000001,0.004637319791483535,0.6651999999999998,0.00766798407653406,100
unit ball [d=3],Projected SGLD,870,0.08700000000000001,0.67681875,0.005130936294683559,0.664975,0.008908166438326651,100
unit ball [d=3],Projected SGLD,880,0.08800000000000001,0.6756875,0.005187077839704315,0.6651,0.00871055321858133,100
unit ball [d=3],Projected SGLD,890,0.08900000000000001,0.6770062499999997,0.004612762783021068,0.6641750000000001,0.008095507857741081,100
unit ball [d=3],Projected SGLD,900,0.09000000000000001,0.6769499999999999,0.004458775820579211,0.6651250000000001,0.008298221484027759,100
unit ball [d=3],Projected SGLD,910,0.091,0.6764500000000001,0.004238844539529977,0.66425,0.0076169335541067225,100
unit ball [d=3],Projected SGLD,920,0.092,0.6767249999999998,0.005033912770179655,0.6651249999999999,0.00826009483399959,100
unit ball [d=3],Projected SGLD,930,0.093,0.6769937500000001,0.004636992199048906,0.6651499999999999,0.008078059823067084,100
unit ball [d=3],Projected SGLD,940,0.094,0.6776125,0.004314041409493922,0.6647750000000001,0.009198258234331904,100
unit ball [d=3],Projected SGLD,950,0.095,0.6768000000000001,0.005134153564929945,0.6658999999999999,0.007909845546257942,100
unit ball [d=3],Projected SGLD,960,0.096,0.67686875,0.0051855524517449465,0.6651250000000001,0.0071188946906216915,100
unit ball [d=3],Projected SGLD,970,0.097,0.6760999999999998,0.004796292233790515,0.6653000000000001,0.008312701732951221,100
unit ball [d=3],Projected SGLD,980,0.098,0.6770125,0.004644546465338347,0.664725,0.0085862748710728,100
unit ball [d=3],Projected SGLD,990,0.099,0.6764124999999999,0.0048903862347725174,0.6650999999999999,0.00840063730146155,100
unit ball [d=3],Projected SGLD,1000,0.1,0.6769812500000001,0.004741631883293629,0.6644749999999999,0.007939918008380066,100
unit ball [d=3],Non-reversible SGLD,0,0.0,0.49235625,0.09800418618500616,0.49459999999999993,0.09438913115824343,100
unit ball [d=3],Non-reversible SGLD,10,0.001,0.54146875,0.06840843612832212,0.5385749999999999,0.0620038437632228,100
unit ball [d=3],Non-reversible SGLD,20,0.002,0.56523125,0.055813588704076156,0.560875,0.05313335495798199,100
unit ball [d=3],Non-reversible SGLD,30,0.003,0.5692375000000001,0.05126266935050684,0.5639750000000001,0.04757648679715218,100
unit ball [d=3],Non-reversible SGLD,40,0.004,0.5769124999999999,0.05647100383373665,0.57085,0.05490489941524326,100
unit ball [d=3],Non-reversible SGLD,50,0.005,0.5713750000000001,0.05497187067634287,0.564825,0.05387304450504375,100
unit ball [d=3],Non-reversible SGLD,60,0.006,0.5674249999999998,0.05619148752437526,0.5612499999999999,0.05597223788755828,100
unit ball [d=3],Non-reversible SGLD,70,0.007,0.57245625,0.05164147838790426,0.565975,0.04979870465030678,100
unit ball [d=3],Non-reversible SGLD,80,0.008,0.57724375,0.05574373004274367,0.568575,0.05617237067520586,100
unit ball [d=3],Non-reversible SGLD,90,0.009000000000000001,0.57050625,0.053060209674429704,0.5629500000000001,0.048455149521506126,100
unit ball [d=3],Non-reversible SGLD,100,0.01,0.5639249999999999,0.0514940971904018,0.5600999999999999,0.05070328620832413,100
unit ball [d=3],Non-reversible SGLD,110,0.011000000000000001,0.563025,0.06372280564755416,0.555225,0.06135989934374687,100
unit ball [d=3],Non-reversible SGLD,120,0.012,0.5569999999999999,0.06227193236608337,0.5534,0.061353134155534964,100
unit ball [d=3],Non-reversible SGLD,130,0.013000000000000001,0.55815625,0.06295004476605223,0.5507249999999999,0.05949205765682025,100
unit ball [d=3],Non-reversible SGLD,140,0.014,0.571725,0.05085010590158117,0.567025,0.05130579618544305,100
unit ball [d=3],Non-reversible SGLD,150,0.015000000000000001,0.573125,0.05668038214141618,0.56825,0.05483849105336599,100
unit ball [d=3],Non-reversible SGLD,160,0.016,0.55963125,0.05284474465415772,0.55475,0.05442943258305318,100
unit ball [d=3],Non-reversible SGLD,170,0.017,0.5703625,0.05515017519913196,0.5664500000000001,0.05337969102703213,100
unit ball [d=3],Non-reversible SGLD,180,0.018000000000000002,0.5673750000000001,0.05599331162710148,0.5628749999999999,0.05402764794458706,100
unit ball [d=3],Non-reversible SGLD,190,0.019,0.5685,0.057529910973037814,0.564875,0.05675614036998085,100
unit ball [d=3],Non-reversible SGLD,200,0.02,0.56330625,0.057360137802966026,0.5610499999999999,0.05534918995146024,100
unit ball [d=3],Non-reversible SGLD,210,0.021,0.57371875,0.060322574000350626,0.5681249999999999,0.05710655356083013,100
unit ball [d=3],Non-reversible SGLD,220,0.022000000000000002,0.57728125,0.054334484717187874,0.5670250000000001,0.05400464696615833,100
unit ball [d=3],Non-reversible SGLD,230,0.023,0.5615749999999999,0.05838089781596356,0.556225,0.05868454337654109,100
unit ball [d=3],Non-reversible SGLD,240,0.024,0.5720625000000001,0.060028829616285286,0.5679000000000001,0.05920316842463038,100
unit ball [d=3],Non-reversible SGLD,250,0.025,0.57388125,0.06376746981616137,0.569475,0.06325682679650978,100
unit ball [d=3],Non-reversible SGLD,260,0.026000000000000002,0.57345,0.06011428247156166,0.5665,0.058791490829365724,100
unit ball [d=3],Non-reversible SGLD,270,0.027,0.5668,0.05946436523097874,0.562075,0.057658493684273386,100
unit ball [d=3],Non-reversible SGLD,280,0.028,0.5752312500000002,0.05876381036637474,0.5662,0.056511016178219166,100
unit ball [d=3],Non-reversible SGLD,290,0.029,0.56499375,0.05868834712332749,0.5586000000000001,0.05753712020965425,100
unit ball [d=3],Non-reversible SGLD,300,0.030000000000000002,0.57561875,0.05625312105538876,0.571125,0.05449999420813611,100
unit ball [d=3],Non-reversible SGLD,310,0.031,0.56173125,0.05737764588373324,0.56,0.05618332187193685,100
unit ball [d=3],Non-reversible SGLD,320,0.032,0.581975,0.05936172233251683,0.5742,0.05658403065576475,100
unit ball [d=3],Non-reversible SGLD,330,0.033,0.5763937499999999,0.0558061087374099,0.568075,0.05673553635825246,100
unit ball [d=3],Non-reversible SGLD,340,0.034,0.5817999999999999,0.05611116986695594,0.5745,0.057707683783676224,100
unit ball [d=3],Non-reversible SGLD,350,0.035,0.57175625,0.056148385701247555,0.567525,0.054764757477927,100
unit ball [d=3],Non-reversible SGLD,360,0.036000000000000004,0.5618749999999999,0.058095361456206404,0.554825,0.05579799311223958,100
unit ball [d=3],Non-reversible SGLD,370,0.037000000000000005,0.5656187500000001,0.06089067548315961,0.5586500000000001,0.057846911339458316,100
unit ball [d=3],Non-reversible SGLD,380,0.038,0.5714375000000002,0.06271978401444142,0.5650499999999999,0.06050187825784645,100
unit ball [d=3],Non-reversible SGLD,390,0.039,0.56939375,0.053078184586299405,0.564475,0.05379217279061475,100
unit ball [d=3],Non-reversible SGLD,400,0.04,0.5723125,0.05457953809382554,0.56525,0.05367374788591917,100
unit ball [d=3],Non-reversible SGLD,410,0.041,0.5756875,0.05680301249524847,0.5700500000000001,0.053483429889333696,100
unit ball [d=3],Non-reversible SGLD,420,0.042,0.5741250000000001,0.05853239843596593,0.5695250000000001,0.05921913486655673,100
unit ball [d=3],Non-reversible SGLD,430,0.043000000000000003,0.5631,0.061638053865639156,0.5557749999999999,0.05842708375540933,100
unit ball [d=3],Non-reversible SGLD,440,0.044000000000000004,0.5764312500000001,0.05331078587958055,0.57025,0.050104058385191386,100
unit ball [d=3],Non-reversible SGLD,450,0.045000000000000005,0.57369375,0.05356145688669939,0.5677249999999999,0.05498174054110413,100
unit ball [d=3],Non-reversible SGLD,460,0.046,0.57905,0.04659893285182927,0.569725,0.047081348845279584,100
unit ball [d=3],Non-reversible SGLD,470,0.047,0.5737375,0.058629724562483894,0.5676,0.055264424050708846,100
unit ball [d=3],Non-reversible SGLD,480,0.048,0.5677125000000001,0.05877626884245379,0.564225,0.055843729244737905,100
unit ball [d=3],Non-reversible SGLD,490,0.049,0.572375,0.06031698935246564,0.5652,0.05754519523773896,100
unit ball [d=3],Non-reversible SGLD,500,0.05,0.565625,0.061753943664196925,0.56085,0.060713580761546995,100
unit ball [d=3],Non-reversible SGLD,510,0.051000000000000004,0.5694875,0.04809702387682714,0.56525,0.04690886823610137,100
unit ball [d=3],Non-reversible SGLD,520,0.052000000000000005,0.560325,0.04925578402686338,0.5566,0.050504425248654894,100
unit ball [d=3],Non-reversible SGLD,530,0.053000000000000005,0.5712375000000001,0.05188743309688616,0.5645,0.0522438435791165,100
unit ball [d=3],Non-reversible SGLD,540,0.054,0.564225,0.05779746562634285,0.559475,0.05574030581113806,100
unit ball [d=3],Non-reversible SGLD,550,0.055,0.56858125,0.059268002675123825,0.564025,0.055201530455653715,100
unit ball [d=3],Non-reversible SGLD,560,0.056,0.5705125,0.060141705820839546,0.5648,0.05948928262699717,100
unit ball [d=3],Non-reversible SGLD,570,0.057,0.5811562499999999,0.052913189980634955,0.574775,0.05131121005957449,100
unit ball [d=3],Non-reversible SGLD,580,0.058,0.5788812499999999,0.05736192627120301,0.5697999999999999,0.055365726188352636,100
unit ball [d=3],Non-reversible SGLD,590,0.059000000000000004,0.57073125,0.05840972102129365,0.5637,0.05768741963234605,100
unit ball [d=3],Non-reversible SGLD,600,0.060000000000000005,0.577825,0.06385380239898075,0.5719000000000001,0.0640244587101782,100
unit ball [d=3],Non-reversible SGLD,610,0.061000000000000006,0.56576875,0.06462039839379848,0.56145,0.06053338255905088,100
unit ball [d=3],Non-reversible SGLD,620,0.062,0.5758812499999999,0.055401719261762,0.5692,0.053327272382880965,100
unit ball [d=3],Non-reversible SGLD,630,0.063,0.5730124999999999,0.050268328294717085,0.568825,0.04820051631183293,100
unit ball [d=3],Non-reversible SGLD,640,0.064,0.5713937499999999,0.053883793357122046,0.566925,0.05080147411962838,100
unit ball [d=3],Non-reversible SGLD,650,0.065,0.5815562499999999,0.059487399923717814,0.575225,0.05635844764728816,100
unit ball [d=3],Non-reversible SGLD,660,0.066,0.5813999999999999,0.057121276927059136,0.571425,0.05600917019975074,100
unit ball [d=3],Non-reversible SGLD,670,0.067,0.57395,0.05800121091125354,0.5665749999999999,0.05594759339838227,100
unit ball [d=3],Non-reversible SGLD,680,0.068,0.5728562500000001,0.05717162044255679,0.56505,0.05683351106343844,100
unit ball [d=3],Non-reversible SGLD,690,0.069,0.5708437500000001,0.05185346052455141,0.5663750000000001,0.04955021812425871,100
unit ball [d=3],Non-reversible SGLD,700,0.07,0.5669937500000001,0.05504379390230193,0.561075,0.05447088811021124,100
unit ball [d=3],Non-reversible SGLD,710,0.07100000000000001,0.56926875,0.06187082649683545,0.56265,0.059449091199482974,100
unit ball [d=3],Non-reversible SGLD,720,0.07200000000000001,0.56813125,0.05433333151782391,0.560325,0.0505020939159852,100
unit ball [d=3],Non-reversible SGLD,730,0.07300000000000001,0.57545,0.054061456681122166,0.571175,0.050839486711520894,100
unit ball [d=3],Non-reversible SGLD,740,0.07400000000000001,0.5708625,0.053499738918932484,0.567975,0.05283227582346675,100
unit ball [d=3],Non-reversible SGLD,750,0.075,0.5670562499999999,0.054856569104590996,0.562425,0.05068527245102215,100
unit ball [d=3],Non-reversible SGLD,760,0.076,0.57181875,0.055275444844113605,0.5673,0.052786830696202006,100
unit ball [d=3],Non-reversible SGLD,770,0.077,0.5753625,0.06004852441226935,0.5726249999999999,0.058094071004351086,100
unit ball [d=3],Non-reversible SGLD,780,0.078,0.56553125,0.06369677262718015,0.559925,0.05851428104196946,100
unit ball [d=3],Non-reversible SGLD,790,0.079,0.57345,0.048948256538735045,0.565725,0.04849410955586422,100
unit ball [d=3],Non-reversible SGLD,800,0.08,0.57525,0.0559827405085575,0.56815,0.05405013105133666,100
unit ball [d=3],Non-reversible SGLD,810,0.081,0.57078125,0.05531064526365898,0.5639500000000001,0.052955789641602524,100
unit ball [d=3],Non-reversible SGLD,820,0.082,0.5734750000000001,0.053845589771854,0.568375,0.05267632127656907,100
unit ball [d=3],Non-reversible SGLD,830,0.083,0.56553125,0.05382147988167959,0.5618749999999999,0.05575625049890793,100
unit ball [d=3],Non-reversible SGLD,840,0.084,0.57025,0.05588835766711411,0.5655000000000001,0.05372723854448656,100
unit ball [d=3],Non-reversible SGLD,850,0.085,0.5748812499999999,0.052974325467864646,0.571975,0.05174150859920121,100
unit ball [d=3],Non-reversible SGLD,860,0.08600000000000001,0.5794125,0.05619075302939177,0.57255,0.05425107642184893,100
unit ball [d=3],Non-reversible SGLD,870,0.08700000000000001,0.57404375,0.057775706965306005,0.56615,0.05591911095231191,100
unit ball [d=3],Non-reversible SGLD,880,0.08800000000000001,0.5741937500000001,0.05885932331927997,0.572,0.058136029962476625,100
unit ball [d=3],Non-reversible SGLD,890,0.08900000000000001,0.5739374999999999,0.057485690742579726,0.566975,0.05630712026848197,100
unit ball [d=3],Non-reversible SGLD,900,0.09000000000000001,0.5691687500000001,0.05658709702917613,0.561225,0.0530109753739828,100
unit ball [d=3],Non-reversible SGLD,910,0.091,0.57175,0.05115945746764559,0.5665,0.05267347481887776,100
unit ball [d=3],Non-reversible SGLD,920,0.092,0.5723625000000001,0.05970146030352806,0.566725,0.05614138784615971,100
unit ball [d=3],Non-reversible SGLD,930,0.093,0.57125625,0.0573510019875614,0.5634249999999998,0.057721526497591186,100
unit ball [d=3],Non-reversible SGLD,940,0.094,0.56279375,0.06715419834786913,0.5537,0.06563450989295866,100
unit ball [d=3],Non-reversible SGLD,950,0.095,0.5688749999999999,0.05462777221775337,0.56355,0.051386311701687934,100
unit ball [d=3],Non-reversible SGLD,960,0.096,0.5695999999999999,0.05467055256883561,0.56855,0.05281612376247361,100
unit ball [d=3],Non-reversible SGLD,970,0.097,0.56585,0.058591724796650806,0.5567,0.05599296492607014,100
unit ball [d=3],Non-reversible SGLD,980,0.098,0.56755625,0.05177447017894636,0.5606499999999999,0.051561011227359364,100
unit ball [d=3],Non-reversible SGLD,990,0.099,0.5672875,0.05138825740125241,0.5613000000000001,0.049926056434602475,100
unit ball [d=3],Non-reversible SGLD,1000,0.1,0.57793125,0.05521127743722291,0.5701999999999999,0.05541473566925074,100
unit ball [d=3],Reversible anchored Langevin,0,0.0,0.49235625,0.09800418618500616,0.49459999999999993,0.09438913115824343,100
unit ball [d=3],Reversible anchored Langevin,10,0.001,0.57463125,0.07882287267830386,0.5701250000000001,0.07517267579957952,100
unit ball [d=3],Reversible anchored Langevin,20,0.002,0.6511812499999999,0.021249609139304956,0.643075,0.021275178191279786,100
unit ball [d=3],Reversible anchored Langevin,30,0.003,0.6685562500000002,0.010075353325508664,0.660475,0.01262660630845387,100
unit ball [d=3],Reversible anchored Langevin,40,0.004,0.6731187499999999,0.007371850787134651,0.663675,0.009531016618272048,100
unit ball [d=3],Reversible anchored Langevin,50,0.005,0.6750624999999999,0.0062799157774382,0.6658250000000001,0.009415057518720115,100
unit ball [d=3],Reversible anchored Langevin,60,0.006,0.67710625,0.005129059583354044,0.6650999999999999,0.007816713510229873,100
unit ball [d=3],Reversible anchored Langevin,70,0.007,0.6777312500000001,0.004330723828214241,0.6649500000000002,0.007402395189764909,100
unit ball [d=3],Reversible anchored Langevin,80,0.008,0.6773312500000002,0.004743961306362295,0.6653999999999999,0.008170530934864386,100
unit ball [d=3],Reversible anchored Langevin,90,0.009000000000000001,0.6775437500000001,0.004184860844807626,0.66475,0.008743684589577801,100
unit ball [d=3],Reversible anchored Langevin,100,0.01,0.6771937500000001,0.004514370118093035,0.6655000000000001,0.008071648849616489,100
unit ball [d=3],Reversible anchored Langevin,110,0.011000000000000001,0.67768125,0.004550758032926213,0.6649,0.0080475229892574,100
unit ball [d=3],Reversible anchored Langevin,120,0.012,0.6772187500000001,0.004283748027030875,0.663725,0.007901660418781448,100
unit ball [d=3],Reversible anchored Langevin,130,0.013000000000000001,0.6772875,0.004422291301297934,0.6644000000000001,0.008646538397684148,100
unit ball [d=3],Reversible anchored Langevin,140,0.014,0.67770625,0.004011362295046566,0.6646,0.007782718488465781,100
unit ball [d=3],Reversible anchored Langevin,150,0.015000000000000001,0.6779437500000001,0.004643454683908872,0.6649249999999999,0.008367015264982167,100
unit ball [d=3],Reversible anchored Langevin,160,0.016,0.67758125,0.004538046757274778,0.6632250000000002,0.00815951294595159,100
unit ball [d=3],Reversible anchored Langevin,170,0.017,0.6774125000000001,0.004453232709578128,0.6639499999999999,0.008536759492117765,100
unit ball [d=3],Reversible anchored Langevin,180,0.018000000000000002,0.6777499999999997,0.004153387931933568,0.6639250000000003,0.007631465630975986,100
unit ball [d=3],Reversible anchored Langevin,190,0.019,0.6777875,0.00405379311711435,0.6640999999999999,0.007707729296562704,100
unit ball [d=3],Reversible anchored Langevin,200,0.02,0.6778250000000001,0.003934317095774186,0.6644,0.008748159979693054,100
unit ball [d=3],Reversible anchored Langevin,210,0.021,0.67795,0.004148711312631383,0.6635499999999999,0.007923083523808938,100
unit ball [d=3],Reversible anchored Langevin,220,0.022000000000000002,0.6776125000000001,0.0038005639865895755,0.6631250000000002,0.0077229080067555,100
unit ball [d=3],Reversible anchored Langevin,230,0.023,0.6776375000000001,0.004173838524703975,0.66385,0.008245139370096985,100
unit ball [d=3],Reversible anchored Langevin,240,0.024,0.6774125,0.004334698939833073,0.6636500000000001,0.007649354630465655,100
unit ball [d=3],Reversible anchored Langevin,250,0.025,0.677075,0.004566843615240247,0.6662750000000002,0.008404957351516319,100
unit ball [d=3],Reversible anchored Langevin,260,0.026000000000000002,0.6779374999999997,0.0036383852492860407,0.6654500000000002,0.008098041913220933,100
unit ball [d=3],Reversible anchored Langevin,270,0.027,0.6776000000000001,0.004220971870950291,0.6659749999999999,0.008437941907619637,100
unit ball [d=3],Reversible anchored Langevin,280,0.028,0.677475,0.004651626195496181,0.665825,0.00787412813836516,100
unit ball [d=3],Reversible anchored Langevin,290,0.029,0.6778750000000001,0.004535737720224436,0.6653,0.00797945594459405,100
unit ball [d=3],Reversible anchored Langevin,300,0.030000000000000002,0.6775937500000001,0.004131838340034842,0.6649999999999998,0.007621076569672302,100
unit ball [d=3],Reversible anchored Langevin,310,0.031,0.6778312499999999,0.0037336079021734092,0.665425,0.008126641248375494,100
unit ball [d=3],Reversible anchored Langevin,320,0.032,0.6779562500000001,0.003966652939561174,0.6657499999999998,0.008479773915415774,100
unit ball [d=3],Reversible anchored Langevin,330,0.033,0.6777187499999999,0.004210353363070513,0.6651,0.00803181803890633,100
unit ball [d=3],Reversible anchored Langevin,340,0.034,0.6767687499999998,0.005185217643221524,0.6645250000000001,0.00850352719449258,100
unit ball [d=3],Reversible anchored Langevin,350,0.035,0.6769687499999999,0.00508169915982933,0.6648499999999999,0.008526696045629025,100
unit ball [d=3],Reversible anchored Langevin,360,0.036000000000000004,0.6774687500000001,0.004472996102031375,0.6646249999999999,0.007980207523693368,100
unit ball [d=3],Reversible anchored Langevin,370,0.037000000000000005,0.6780687500000002,0.0036917776079506324,0.6646500000000001,0.008401388774085713,100
unit ball [d=3],Reversible anchored Langevin,380,0.038,0.6780875000000002,0.003925622417354527,0.6649250000000001,0.007516438214629555,100
unit ball [d=3],Reversible anchored Langevin,390,0.039,0.6778500000000001,0.003309955903151602,0.6646999999999998,0.008151655963636777,100
unit ball [d=3],Reversible anchored Langevin,400,0.04,0.6777750000000001,0.0039710918784473795,0.6636250000000001,0.008486285727840272,100
unit ball [d=3],Reversible anchored Langevin,410,0.041,0.67768125,0.0037952811193971577,0.664325,0.007494568740498726,100
unit ball [d=3],Reversible anchored Langevin,420,0.042,0.6777124999999999,0.004286367720147593,0.6649749999999999,0.009006836628950595,100
unit ball [d=3],Reversible anchored Langevin,430,0.043000000000000003,0.6773625000000001,0.004484629332790536,0.6645,0.008490933964880409,100
unit ball [d=3],Reversible anchored Langevin,440,0.044000000000000004,0.6774625000000001,0.003465445406969628,0.664325,0.00856389384437815,100
unit ball [d=3],Reversible anchored Langevin,450,0.045000000000000005,0.677075,0.00406687313186766,0.66595,0.0074177306012504565,100
unit ball [d=3],Reversible anchored Langevin,460,0.046,0.6766937500000002,0.004925498455778746,0.66545,0.008721128413690564,100
unit ball [d=3],Reversible anchored Langevin,470,0.047,0.67640625,0.00435771748792249,0.6651250000000002,0.008552976621674422,100
unit ball [d=3],Reversible anchored Langevin,480,0.048,0.6767062500000001,0.004746455848176289,0.6651500000000001,0.008429895095025291,100
unit ball [d=3],Reversible anchored Langevin,490,0.049,0.67700625,0.004734336714766695,0.666075,0.009158088272564365,100
unit ball [d=3],Reversible anchored Langevin,500,0.05,0.6766999999999999,0.0051247690265764775,0.6656750000000001,0.008659196955791688,100
unit ball [d=3],Reversible anchored Langevin,510,0.051000000000000004,0.6763875,0.004438642440788817,0.6648000000000001,0.00756019613876292,100
unit ball [d=3],Reversible anchored Langevin,520,0.052000000000000005,0.6766062500000001,0.005266160043479062,0.6638749999999999,0.008183308646509707,100
unit ball [d=3],Reversible anchored Langevin,530,0.053000000000000005,0.6764125000000001,0.005904343226760611,0.6647750000000001,0.008536130874291377,100
unit ball [d=3],Reversible anchored Langevin,540,0.054,0.6771187499999999,0.004294345846575479,0.66525,0.0079176634141263,100
unit ball [d=3],Reversible anchored Langevin,550,0.055,0.6773250000000001,0.0047557779849804055,0.664125,0.007465197027987056,100
unit ball [d=3],Reversible anchored Langevin,560,0.056,0.6784187500000001,0.003879757384310407,0.6642250000000003,0.007741849738514525,100
unit ball [d=3],Reversible anchored Langevin,570,0.057,0.6777437500000002,0.004012188461426009,0.6642,0.007341593144474161,100
unit ball [d=3],Reversible anchored Langevin,580,0.058,0.6777937499999998,0.00391720559638417,0.664375,0.008358862411122757,100
unit ball [d=3],Reversible anchored Langevin,590,0.059000000000000004,0.6775749999999999,0.004135565746110687,0.6654000000000001,0.007998737274082582,100
unit ball [d=3],Reversible anchored Langevin,600,0.060000000000000005,0.67796875,0.003971146526489364,0.66565,0.008269604805331615,100
unit ball [d=3],Reversible anchored Langevin,610,0.061000000000000006,0.677075,0.004178845836502296,0.6656750000000001,0.00840014880820573,100
unit ball [d=3],Reversible anchored Langevin,620,0.062,0.6776749999999998,0.0036756948082277406,0.6635499999999999,0.007556019742128422,100
unit ball [d=3],Reversible anchored Langevin,630,0.063,0.6770499999999998,0.004285318193577001,0.6656000000000002,0.007437619364970343,100
unit ball [d=3],Reversible anchored Langevin,640,0.064,0.6772937499999999,0.004398884120151981,0.6658250000000001,0.008126641248375501,100
unit ball [d=3],Reversible anchored Langevin,650,0.065,0.6768437500000002,0.004590537554347941,0.6663499999999999,0.0078930668976327,100
unit ball [d=3],Reversible anchored Langevin,660,0.066,0.676925,0.004438731334355107,0.6657500000000001,0.00842000383886283,100
unit ball [d=3],Reversible anchored Langevin,670,0.067,0.6773624999999999,0.004439531296354738,0.6655000000000001,0.008008833506910626,100
unit ball [d=3],Reversible anchored Langevin,680,0.068,0.6765187500000001,0.004943058819438048,0.6651250000000002,0.008098002933757903,100
unit ball [d=3],Reversible anchored Langevin,690,0.069,0.6775937500000001,0.004687500000000007,0.66315,0.0077412381229857346,100
unit ball [d=3],Reversible anchored Langevin,700,0.07,0.67750625,0.005053763193068726,0.6642,0.008164037919529483,100
unit ball [d=3],Reversible anchored Langevin,710,0.07100000000000001,0.6765187499999997,0.0044922553656489795,0.666325,0.008306433857820308,100
unit ball [d=3],Reversible anchored Langevin,720,0.07200000000000001,0.6769812500000003,0.005365474146397184,0.6649749999999999,0.007355467628941351,100
unit ball [d=3],Reversible anchored Langevin,730,0.07300000000000001,0.67713125,0.004704070039536902,0.6653499999999998,0.00801686983929527,100
unit ball [d=3],Reversible anchored Langevin,740,0.07400000000000001,0.6772875000000002,0.004638289669760408,0.6652,0.008338483257181915,100
unit ball [d=3],Reversible anchored Langevin,750,0.075,0.6770312499999999,0.004436681885034125,0.6647250000000001,0.008534651590883952,100
unit ball [d=3],Reversible anchored Langevin,760,0.076,0.6780062499999998,0.004023776203626232,0.6647,0.008698658900466597,100
unit ball [d=3],Reversible anchored Langevin,770,0.077,0.67776875,0.004181087733334283,0.6650250000000001,0.008253366316573843,100
unit ball [d=3],Reversible anchored Langevin,780,0.078,0.6772562500000001,0.004272237389308563,0.6637249999999999,0.00867114540451622,100
unit ball [d=3],Reversible anchored Langevin,790,0.079,0.6781375,0.0035355115855724823,0.6641999999999999,0.007992104689863458,100
unit ball [d=3],Reversible anchored Langevin,800,0.08,0.6777437500000001,0.0038771529942612727,0.6642999999999999,0.00883404799853409,100
unit ball [d=3],Reversible anchored Langevin,810,0.081,0.6778375,0.003623083784721399,0.6646499999999999,0.00835618080080593,100
unit ball [d=3],Reversible anchored Langevin,820,0.082,0.6777312499999998,0.00417579964972537,0.66415,0.008799248131333027,100
unit ball [d=3],Reversible anchored Langevin,830,0.083,0.67675625,0.004891253499406318,0.6649250000000001,0.008568315782785758,100
unit ball [d=3],Reversible anchored Langevin,840,0.084,0.6780187500000001,0.003968840719157223,0.664375,0.007615897448061786,100
unit ball [d=3],Reversible anchored Langevin,850,0.085,0.6778062500000002,0.004593218506668285,0.664675,0.007191948008823217,100
unit ball [d=3],Reversible anchored Langevin,860,0.08600000000000001,0.6778750000000001,0.004293523428880236,0.664375,0.007673703950715872,100
unit ball [d=3],Reversible anchored Langevin,870,0.08700000000000001,0.6771,0.0048114053261101575,0.6644500000000001,0.008837620457653489,100
unit ball [d=3],Reversible anchored Langevin,880,0.08800000000000001,0.6763125,0.004744497743532389,0.664725,0.008264068201093417,100
unit ball [d=3],Reversible anchored Langevin,890,0.08900000000000001,0.67735,0.004537581565619127,0.6642,0.007710677366778196,100
unit ball [d=3],Reversible anchored Langevin,900,0.09000000000000001,0.6770687500000001,0.004052113762836595,0.66435,0.008322872221787505,100
unit ball [d=3],Reversible anchored Langevin,910,0.091,0.6768999999999998,0.0040727289637442435,0.6641250000000001,0.007706541560796448,100
unit ball [d=3],Reversible anchored Langevin,920,0.092,0.6771687499999999,0.005030254897200348,0.6654000000000001,0.008061631285906042,100
unit ball [d=3],Reversible anchored Langevin,930,0.093,0.6774562500000001,0.004132678612307795,0.6646499999999999,0.007720005495366241,100
unit ball [d=3],Reversible anchored Langevin,940,0.094,0.67801875,0.0038538390524150384,0.6641750000000001,0.008711531600601752,100
unit ball [d=3],Reversible anchored Langevin,950,0.095,0.6772500000000002,0.00504321601537926,0.6651999999999998,0.008208765947682913,100
unit ball [d=3],Reversible anchored Langevin,960,0.096,0.677675,0.004526228277964166,0.6648499999999999,0.0069976547297770945,100
unit ball [d=3],Reversible anchored Langevin,970,0.097,0.6765687500000003,0.0048416326017160834,0.6650750000000001,0.008004536277018245,100
unit ball [d=3],Reversible anchored Langevin,980,0.098,0.6772625000000001,0.004341756818699929,0.66525,0.008434986063947587,100
unit ball [d=3],Reversible anchored Langevin,990,0.099,0.6769937500000001,0.004740500036223431,0.664525,0.007943097823286779,100
unit ball [d=3],Reversible anchored Langevin,1000,0.1,0.67721875,0.004485328742329559,0.66425,0.007691166387749028,100
unit ball [d=3],Non-reversible anchored Langevin,0,0.0,0.49235625,0.09800418618500616,0.49459999999999993,0.09438913115824343,100
unit ball [d=3],Non-reversible anchored Langevin,10,0.001,0.5416312500000001,0.0731860767012187,0.537025,0.06923253070689248,100
unit ball [d=3],Non-reversible anchored Langevin,20,0.002,0.58244375,0.053177528620549815,0.5756249999999998,0.05369947119917203,100
unit ball [d=3],Non-reversible anchored Langevin,30,0.003,0.5988875,0.05143947329511441,0.5918750000000002,0.05036279365611567,100
unit ball [d=3],Non-reversible anchored Langevin,40,0.004,0.60909375,0.04290327598905978,0.597125,0.043644533773232456,100
unit ball [d=3],Non-reversible anchored Langevin,50,0.005,0.61349375,0.03882772579083642,0.60775,0.04185487794846388,100
unit ball [d=3],Non-reversible anchored Langevin,60,0.006,0.61439375,0.040598471816384395,0.6077999999999999,0.04538594318050292,100
unit ball [d=3],Non-reversible anchored Langevin,70,0.007,0.6141312499999999,0.04312485315082595,0.60405,0.043835637685713344,100
unit ball [d=3],Non-reversible anchored Langevin,80,0.008,0.6149625000000001,0.03839337976589825,0.607175,0.039021580082323835,100
unit ball [d=3],Non-reversible anchored Langevin,90,0.009000000000000001,0.61294375,0.04276186547115587,0.6083999999999999,0.045253941175539526,100
unit ball [d=3],Non-reversible anchored Langevin,100,0.01,0.6090874999999999,0.04712056217884613,0.599925,0.04768035271842623,100
unit ball [d=3],Non-reversible anchored Langevin,110,0.011000000000000001,0.6125,0.04119256791601067,0.603425,0.04314448213136691,100
unit ball [d=3],Non-reversible anchored Langevin,120,0.012,0.6134875000000001,0.04145363914341325,0.60605,0.04149993915049695,100
unit ball [d=3],Non-reversible anchored Langevin,130,0.013000000000000001,0.61504375,0.04653299095436581,0.6075499999999999,0.046971380712734066,100
unit ball [d=3],Non-reversible anchored Langevin,140,0.014,0.6165749999999999,0.04573857974147948,0.6074,0.04462090600296292,100
unit ball [d=3],Non-reversible anchored Langevin,150,0.015000000000000001,0.6137562499999999,0.04492896460854016,0.6085,0.04603742438977712,100
unit ball [d=3],Non-reversible anchored Langevin,160,0.016,0.6130187500000001,0.0427642423223131,0.60525,0.044102297290080326,100
unit ball [d=3],Non-reversible anchored Langevin,170,0.017,0.6145812500000001,0.0448158457466483,0.6051,0.045492423611636766,100
unit ball [d=3],Non-reversible anchored Langevin,180,0.018000000000000002,0.6163875,0.049562525873482234,0.608675,0.05141612641531406,100
unit ball [d=3],Non-reversible anchored Langevin,190,0.019,0.6214437500000001,0.04433213847999661,0.6152250000000001,0.04541488737131795,100
unit ball [d=3],Non-reversible anchored Langevin,200,0.02,0.62116875,0.044056614514878766,0.608125,0.043050321447901836,100
unit ball [d=3],Non-reversible anchored Langevin,210,0.021,0.61835625,0.0445860462747216,0.6098000000000001,0.04487170263060782,100
unit ball [d=3],Non-reversible anchored Langevin,220,0.022000000000000002,0.6168125000000001,0.0429385884729634,0.611925,0.042960010474859055,100
unit ball [d=3],Non-reversible anchored Langevin,230,0.023,0.61601875,0.047646194397805104,0.6047249999999998,0.04791339909807395,100
unit ball [d=3],Non-reversible anchored Langevin,240,0.024,0.614675,0.044162242488534946,0.607525,0.04632381496955247,100
unit ball [d=3],Non-reversible anchored Langevin,250,0.025,0.61365,0.044965503051188745,0.6049,0.04636389879109728,100
unit ball [d=3],Non-reversible anchored Langevin,260,0.026000000000000002,0.61829375,0.04041294256116498,0.6101,0.04590135448365705,100
unit ball [d=3],Non-reversible anchored Langevin,270,0.027,0.61365625,0.041994578530412344,0.6064,0.041067387341177465,100
unit ball [d=3],Non-reversible anchored Langevin,280,0.028,0.6175062499999998,0.039988308640991205,0.607375,0.04034944425286612,100
unit ball [d=3],Non-reversible anchored Langevin,290,0.029,0.6163062499999999,0.04381894774526797,0.611525,0.04578426436709848,100
unit ball [d=3],Non-reversible anchored Langevin,300,0.030000000000000002,0.61785625,0.0399931195747557,0.61155,0.041672393545828204,100
unit ball [d=3],Non-reversible anchored Langevin,310,0.031,0.6167875,0.045696681617581225,0.6051749999999999,0.042465456847330926,100
unit ball [d=3],Non-reversible anchored Langevin,320,0.032,0.6143812499999999,0.041254447169978,0.6105749999999999,0.0449478584000114,100
unit ball [d=3],Non-reversible anchored Langevin,330,0.033,0.6128875,0.044568708660524,0.60355,0.04568803415169517,100
unit ball [d=3],Non-reversible anchored Langevin,340,0.034,0.615225,0.047041373096756885,0.6079249999999999,0.044429684259899294,100
unit ball [d=3],Non-reversible anchored Langevin,350,0.035,0.6108812499999999,0.04559745562287772,0.6050749999999999,0.04614078012896066,100
unit ball [d=3],Non-reversible anchored Langevin,360,0.036000000000000004,0.6080749999999999,0.041485846284235205,0.596,0.045915216113038934,100
unit ball [d=3],Non-reversible anchored Langevin,370,0.037000000000000005,0.6077875,0.041631559073118864,0.5990500000000001,0.04137439919915345,100
unit ball [d=3],Non-reversible anchored Langevin,380,0.038,0.61026875,0.042876678100534665,0.6022,0.04413203330503099,100
unit ball [d=3],Non-reversible anchored Langevin,390,0.039,0.6086562499999999,0.04697916666666667,0.5988500000000001,0.049986639629146325,100
unit ball [d=3],Non-reversible anchored Langevin,400,0.04,0.6104562499999999,0.043889195504219214,0.603325,0.043352348683360124,100
unit ball [d=3],Non-reversible anchored Langevin,410,0.041,0.6147375,0.0412148974457616,0.6033999999999999,0.04008438069569712,100
unit ball [d=3],Non-reversible anchored Langevin,420,0.042,0.6149437499999999,0.04325915991268219,0.6081749999999999,0.04501803089941413,100
unit ball [d=3],Non-reversible anchored Langevin,430,0.043000000000000003,0.613775,0.044608807505589154,0.6055750000000001,0.043382627847905884,100
unit ball [d=3],Non-reversible anchored Langevin,440,0.044000000000000004,0.6106562499999999,0.04653155961375444,0.600525,0.04882882774746819,100
unit ball [d=3],Non-reversible anchored Langevin,450,0.045000000000000005,0.6090500000000001,0.046572337700494376,0.6023,0.04640440374435046,100
unit ball [d=3],Non-reversible anchored Langevin,460,0.046,0.61009375,0.04376896910197908,0.60185,0.046519817651657185,100
unit ball [d=3],Non-reversible anchored Langevin,470,0.047,0.6086624999999999,0.04675494052379746,0.6034999999999999,0.048592565004714185,100
unit ball [d=3],Non-reversible anchored Langevin,480,0.048,0.6158374999999999,0.04058299304505459,0.6045499999999999,0.041880330958722393,100
unit ball [d=3],Non-reversible anchored Langevin,490,0.049,0.61290625,0.041310444599612785,0.60305,0.045475295768719594,100
unit ball [d=3],Non-reversible anchored Langevin,500,0.05,0.6155812500000001,0.039261074062651814,0.608575,0.039976721446058544,100
unit ball [d=3],Non-reversible anchored Langevin,510,0.051000000000000004,0.62029375,0.03505400944210479,0.61115,0.03600192896066666,100
unit ball [d=3],Non-reversible anchored Langevin,520,0.052000000000000005,0.6224124999999999,0.039742107802377045,0.6104999999999999,0.04257643157020707,100
unit ball [d=3],Non-reversible anchored Langevin,530,0.053000000000000005,0.62081875,0.04201959385050159,0.6146999999999999,0.04272043250641728,100
unit ball [d=3],Non-reversible anchored Langevin,540,0.054,0.6210625,0.0359853518704823,0.610375,0.039709130250517005,100
unit ball [d=3],Non-reversible anchored Langevin,550,0.055,0.61784375,0.040891981595115354,0.61015,0.043934955366203614,100
unit ball [d=3],Non-reversible anchored Langevin,560,0.056,0.6187,0.038941738079424054,0.6107,0.03807070774071304,100
unit ball [d=3],Non-reversible anchored Langevin,570,0.057,0.6170375,0.04137212370605956,0.6100250000000002,0.04137396432833606,100
unit ball [d=3],Non-reversible anchored Langevin,580,0.058,0.6175875,0.044483747812481406,0.611475,0.04363689564595724,100
unit ball [d=3],Non-reversible anchored Langevin,590,0.059000000000000004,0.6190249999999999,0.04431706098038761,0.6123250000000001,0.044083333333333335,100
unit ball [d=3],Non-reversible anchored Langevin,600,0.060000000000000005,0.61974375,0.04214976520403228,0.6119249999999999,0.04403547554030281,100
unit ball [d=3],Non-reversible anchored Langevin,610,0.061000000000000006,0.61664375,0.04677026641351762,0.60855,0.04748362290773993,100
unit ball [d=3],Non-reversible anchored Langevin,620,0.062,0.61334375,0.04707791727698762,0.6025499999999999,0.0490901819063238,100
unit ball [d=3],Non-reversible anchored Langevin,630,0.063,0.6140062500000001,0.042081748301233686,0.6057999999999999,0.04403551138145511,100
unit ball [d=3],Non-reversible anchored Langevin,640,0.064,0.6137437499999999,0.04541132292374165,0.60245,0.04525179275426277,100
unit ball [d=3],Non-reversible anchored Langevin,650,0.065,0.61421875,0.05115856087395779,0.605275,0.051017296284711335,100
unit ball [d=3],Non-reversible anchored Langevin,660,0.066,0.61673125,0.050676208279062565,0.6089249999999999,0.04793363335978932,100
unit ball [d=3],Non-reversible anchored Langevin,670,0.067,0.6217374999999999,0.042828275774400265,0.612325,0.04646908253143299,100
unit ball [d=3],Non-reversible anchored Langevin,680,0.068,0.6171562500000001,0.039254955193708994,0.60735,0.03948663627664991,100
unit ball [d=3],Non-reversible anchored Langevin,690,0.069,0.6142500000000001,0.04026996179824763,0.6064750000000001,0.041677415280274334,100
unit ball [d=3],Non-reversible anchored Langevin,700,0.07,0.61755625,0.041652184509720705,0.6058,0.04262071389037556,100
unit ball [d=3],Non-reversible anchored Langevin,710,0.07100000000000001,0.61165,0.043661212214277816,0.603775,0.0465305034630537,100
unit ball [d=3],Non-reversible anchored Langevin,720,0.07200000000000001,0.6111,0.04593215242357608,0.6009749999999999,0.04501528219741748,100
unit ball [d=3],Non-reversible anchored Langevin,730,0.07300000000000001,0.61178125,0.039925097068723193,0.60325,0.04396753278720492,100
unit ball [d=3],Non-reversible anchored Langevin,740,0.07400000000000001,0.6121937499999999,0.044753066084088224,0.6039500000000001,0.04347903825611565,100
unit ball [d=3],Non-reversible anchored Langevin,750,0.075,0.613575,0.0417060495696616,0.6088999999999999,0.04351842753769414,100
unit ball [d=3],Non-reversible anchored Langevin,760,0.076,0.615725,0.043815492105930394,0.6060749999999999,0.04417632112891304,100
unit ball [d=3],Non-reversible anchored Langevin,770,0.077,0.6153125,0.0430263474160856,0.60915,0.043987228403552125,100
unit ball [d=3],Non-reversible anchored Langevin,780,0.078,0.61366875,0.04465130889512624,0.601225,0.043637474338768356,100
unit ball [d=3],Non-reversible anchored Langevin,790,0.079,0.6079000000000001,0.04770610190626466,0.599375,0.0495183556926626,100
unit ball [d=3],Non-reversible anchored Langevin,800,0.08,0.6105062499999999,0.04555959015108507,0.599975,0.046876550479407995,100
unit ball [d=3],Non-reversible anchored Langevin,810,0.081,0.60861875,0.044060970494264697,0.59975,0.04638783038773002,100
unit ball [d=3],Non-reversible anchored Langevin,820,0.082,0.6105375000000001,0.04723226813077875,0.6043499999999999,0.04707695719765562,100
unit ball [d=3],Non-reversible anchored Langevin,830,0.083,0.6166562499999999,0.046404530862113325,0.6061249999999999,0.04726934294897997,100
unit ball [d=3],Non-reversible anchored Langevin,840,0.084,0.61663125,0.03948531474475574,0.606025,0.04035995709070609,100
unit ball [d=3],Non-reversible anchored Langevin,850,0.085,0.619325,0.03695400926158149,0.6079749999999999,0.042329120227001166,100
unit ball [d=3],Non-reversible anchored Langevin,860,0.08600000000000001,0.6139874999999999,0.04212304794206246,0.6033499999999999,0.04390822039415647,100
unit ball [d=3],Non-reversible anchored Langevin,870,0.08700000000000001,0.61844375,0.04028157043054566,0.612,0.04071798798386955,100
unit ball [d=3],Non-reversible anchored Langevin,880,0.08800000000000001,0.613575,0.0446321666853661,0.6053000000000001,0.04471328413098034,100
unit ball [d=3],Non-reversible anchored Langevin,890,0.08900000000000001,0.6136312500000001,0.049094362522620914,0.604475,0.04906743324294135,100
unit ball [d=3],Non-reversible anchored Langevin,900,0.09000000000000001,0.6123812500000001,0.04448238846468035,0.606375,0.05038535215835266,100
unit ball [d=3],Non-reversible anchored Langevin,910,0.091,0.61840625,0.040396099011425705,0.6094999999999999,0.04006780868639179,100
unit ball [d=3],Non-reversible anchored Langevin,920,0.092,0.6165125,0.04070337040557867,0.60685,0.04055582883538756,100
unit ball [d=3],Non-reversible anchored Langevin,930,0.093,0.6141375000000001,0.04094216518641283,0.6045,0.04184356388244002,100
unit ball [d=3],Non-reversible anchored Langevin,940,0.094,0.61936875,0.036432024598572754,0.6083999999999999,0.04008595562517923,100
unit ball [d=3],Non-reversible anchored Langevin,950,0.095,0.6145812500000001,0.044818222835908965,0.6064250000000001,0.04231205472140859,100
unit ball [d=3],Non-reversible anchored Langevin,960,0.096,0.6142812500000001,0.04228027117335489,0.610525,0.0441720908618905,100
unit ball [d=3],Non-reversible anchored Langevin,970,0.097,0.613775,0.04311744370924837,0.604475,0.04516425549865154,100
unit ball [d=3],Non-reversible anchored Langevin,980,0.098,0.61469375,0.0428376640268853,0.60525,0.04732957198029984,100
unit ball [d=3],Non-reversible anchored Langevin,990,0.099,0.61411875,0.04449439718658379,0.603325,0.044786326320122805,100
unit ball [d=3],Non-reversible anchored Langevin,1000,0.1,0.6161187499999999,0.043649170878393685,0.6044249999999999,0.04405267594114752,100
quartic set [d=3],Projected SGLD,0,0.0,0.50695625,0.10427364412098679,0.504375,0.09785539669132287,100
quartic set [d=3],Projected SGLD,10,0.001,0.60456875,0.06327297855594367,0.5934,0.05960573323383779,100
quartic set [d=3],Projected SGLD,20,0.002,0.6647000000000002,0.012506778465126722,0.653525,0.016139758143457205,100
quartic set [d=3],Projected SGLD,30,0.003,0.6731374999999999,0.007059887668291112,0.6633500000000001,0.011861043100602223,100
quartic set [d=3],Projected SGLD,40,0.004,0.6769937500000002,0.004709602772018261,0.6653,0.009254264646173366,100
quartic set [d=3],Projected SGLD,50,0.005,0.6766812500000001,0.005143685909428036,0.6639999999999999,0.008087276451565172,100
quartic set [d=3],Projected SGLD,60,0.006,0.67586875,0.005487513805463411,0.6643000000000001,0.007377621088758424,100
quartic set [d=3],Projected SGLD,70,0.007,0.6771874999999998,0.0049104191174573816,0.6647749999999998,0.00742891396007941,100
quartic set [d=3],Projected SGLD,80,0.008,0.6776375,0.004701120782979481,0.6635499999999999,0.008514544893737711,100
quartic set [d=3],Projected SGLD,90,0.009000000000000001,0.6769124999999999,0.004320840821418954,0.6650499999999999,0.008287601790285508,100
quartic set [d=3],Projected SGLD,100,0.01,0.6769062499999999,0.004345930662206551,0.6664,0.008935232724354971,100
quartic set [d=3],Projected SGLD,110,0.011000000000000001,0.6761812500000001,0.005561790614169024,0.6655750000000001,0.008437642628798238,100
quartic set [d=3],Projected SGLD,120,0.012,0.67638125,0.004487896707374256,0.6647,0.008425850075508676,100
quartic set [d=3],Projected SGLD,130,0.013000000000000001,0.6769812500000001,0.004526206484340821,0.665425,0.008476460274659398,100
quartic set [d=3],Projected SGLD,140,0.014,0.6757437500000001,0.005589954661594931,0.6676000000000001,0.008400637301461547,100
quartic set [d=3],Projected SGLD,150,0.015000000000000001,0.6752124999999998,0.005448782993578572,0.6668999999999999,0.007826399252052333,100
quartic set [d=3],Projected SGLD,160,0.016,0.676125,0.005089942300877552,0.667125,0.0088432976960755,100
quartic set [d=3],Projected SGLD,170,0.017,0.676075,0.00454623415031551,0.66545,0.0075993420767853405,100
quartic set [d=3],Projected SGLD,180,0.018000000000000002,0.6771437500000004,0.004660384536470984,0.663925,0.007705558468607671,100
quartic set [d=3],Projected SGLD,190,0.019,0.6768937500000001,0.004989299629753117,0.6656249999999999,0.007371585838730894,100
quartic set [d=3],Projected SGLD,200,0.02,0.6767562500000001,0.004398561195826929,0.6653999999999999,0.007990840716316118,100
quartic set [d=3],Projected SGLD,210,0.021,0.6777124999999999,0.003969004754012495,0.6636500000000002,0.00790904737013444,100
quartic set [d=3],Projected SGLD,220,0.022000000000000002,0.6776812500000002,0.003941145899034287,0.6631,0.0074121113010662465,100
quartic set [d=3],Projected SGLD,230,0.023,0.67668125,0.004574453346763657,0.6652750000000001,0.008593624310375626,100
quartic set [d=3],Projected SGLD,240,0.024,0.6769875000000001,0.004226259450080411,0.665175,0.007795160049801435,100
quartic set [d=3],Projected SGLD,250,0.025,0.67743125,0.004406806281598431,0.6655749999999999,0.00811731376923936,100
quartic set [d=3],Projected SGLD,260,0.026000000000000002,0.677425,0.004922281077925264,0.6651249999999999,0.00792463713600653,100
quartic set [d=3],Projected SGLD,270,0.027,0.6776625000000002,0.004501350106110141,0.6646500000000001,0.007801353158978972,100
quartic set [d=3],Projected SGLD,280,0.028,0.67680625,0.004386164506523082,0.6640250000000001,0.009285694166922376,100
quartic set [d=3],Projected SGLD,290,0.029,0.6764812499999999,0.004537177201418382,0.6652000000000001,0.00853306107520223,100
quartic set [d=3],Projected SGLD,300,0.030000000000000002,0.6761124999999999,0.0047487205879291556,0.6647,0.00800315594315799,100
quartic set [d=3],Projected SGLD,310,0.031,0.67735,0.0046322458937541324,0.664325,0.008688310677239998,100
quartic set [d=3],Projected SGLD,320,0.032,0.6773187499999999,0.00459648165706526,0.664675,0.007551632039807461,100
quartic set [d=3],Projected SGLD,330,0.033,0.6773312500000002,0.004305320843227755,0.664425,0.008695573877008068,100
quartic set [d=3],Projected SGLD,340,0.034,0.6769812499999999,0.004890737192939745,0.6651,0.008225975119502049,100
quartic set [d=3],Projected SGLD,350,0.035,0.6769749999999999,0.004113025932720625,0.666175,0.008199339404285374,100
quartic set [d=3],Projected SGLD,360,0.036000000000000004,0.6768437500000001,0.004626496993603068,0.6646500000000001,0.00721267823160907,100
quartic set [d=3],Projected SGLD,370,0.037000000000000005,0.6773687500000001,0.00491667870440232,0.66365,0.008098353742170897,100
quartic set [d=3],Projected SGLD,380,0.038,0.6775375,0.004184450683811742,0.6653,0.008112840551753863,100
quartic set [d=3],Projected SGLD,390,0.039,0.67673125,0.004868743557198057,0.66495,0.00837851388669226,100
quartic set [d=3],Projected SGLD,400,0.04,0.6768250000000002,0.004813176359397887,0.665225,0.008975942875545203,100
quartic set [d=3],Projected SGLD,410,0.041,0.6761,0.004715819337103791,0.6666499999999997,0.007581376703955083,100
quartic set [d=3],Projected SGLD,420,0.042,0.6773937499999998,0.004877811770060571,0.6648750000000001,0.008626472938202233,100
quartic set [d=3],Projected SGLD,430,0.043000000000000003,0.67654375,0.005224939435877308,0.6635500000000001,0.007161379303971662,100
quartic set [d=3],Projected SGLD,440,0.044000000000000004,0.6766562500000001,0.005248989050091439,0.664125,0.008742782015682283,100
quartic set [d=3],Projected SGLD,450,0.045000000000000005,0.6765937499999999,0.004689183199479718,0.663975,0.007704247483883771,100
quartic set [d=3],Projected SGLD,460,0.046,0.6766500000000001,0.0047660878542409866,0.664225,0.007814896097204429,100
quartic set [d=3],Projected SGLD,470,0.047,0.6772624999999999,0.00422569924283651,0.664475,0.0075486218556231836,100
quartic set [d=3],Projected SGLD,480,0.048,0.6768562499999998,0.004629123025733249,0.6638250000000001,0.008501745215964298,100
quartic set [d=3],Projected SGLD,490,0.049,0.67691875,0.00437116986022846,0.663575,0.008274451063607812,100
quartic set [d=3],Projected SGLD,500,0.05,0.6770687500000002,0.004746322839043323,0.6642999999999999,0.008111284071768754,100
quartic set [d=3],Projected SGLD,510,0.051000000000000004,0.6768312499999999,0.004678973727099662,0.6634,0.008012931467763267,100
quartic set [d=3],Projected SGLD,520,0.052000000000000005,0.67691875,0.004939066047515178,0.6633500000000001,0.007497642727194099,100
quartic set [d=3],Projected SGLD,530,0.053000000000000005,0.6766687499999999,0.004735803312815769,0.6646500000000001,0.007801353158978975,100
quartic set [d=3],Projected SGLD,540,0.054,0.6777625,0.004175350798786769,0.6656749999999999,0.008370032825201443,100
quartic set [d=3],Projected SGLD,550,0.055,0.6767374999999999,0.005081858330464276,0.6652000000000001,0.00807696562685355,100
quartic set [d=3],Projected SGLD,560,0.056,0.67734375,0.00439378632505064,0.66275,0.008168830882066177,100
quartic set [d=3],Projected SGLD,570,0.057,0.6761562499999999,0.0046689447564614555,0.6648749999999999,0.007540923703567776,100
quartic set [d=3],Projected SGLD,580,0.058,0.6772437500000001,0.004495626908508434,0.664825,0.009483205516526944,100
quartic set [d=3],Projected SGLD,590,0.059000000000000004,0.6772687500000002,0.004162550049749152,0.66455,0.008486322923839088,100
quartic set [d=3],Projected SGLD,600,0.060000000000000005,0.6768624999999999,0.00502360275061232,0.6655749999999999,0.008953125688605054,100
quartic set [d=3],Projected SGLD,610,0.061000000000000006,0.6773874999999999,0.004239309936460616,0.66435,0.008246670586216951,100
quartic set [d=3],Projected SGLD,620,0.062,0.6770875,0.004139323158696505,0.66475,0.008083372383535795,100
quartic set [d=3],Projected SGLD,630,0.063,0.67765625,0.00439558199769779,0.664625,0.007996013842768,100
quartic set [d=3],Projected SGLD,640,0.064,0.6777562500000001,0.003976825822655228,0.6649250000000001,0.007748044719133796,100
quartic set [d=3],Projected SGLD,650,0.065,0.67735625,0.004668505285799234,0.6647250000000001,0.00806300160917106,100
quartic set [d=3],Projected SGLD,660,0.066,0.6768562500000002,0.004761892840217761,0.6661500000000001,0.009343473928390076,100
quartic set [d=3],Projected SGLD,670,0.067,0.6767062500000001,0.004763052739736897,0.66585,0.00841040120831632,100
quartic set [d=3],Projected SGLD,680,0.068,0.6767812499999999,0.004906299258261376,0.6657249999999999,0.008089578967955504,100
quartic set [d=3],Projected SGLD,690,0.069,0.6774374999999999,0.0045187425342576365,0.665075,0.008793757829715166,100
quartic set [d=3],Projected SGLD,700,0.07,0.67720625,0.004120439589608879,0.6655500000000001,0.008591309915292673,100
quartic set [d=3],Projected SGLD,710,0.07100000000000001,0.67700625,0.004740167088592749,0.6648000000000001,0.008115952616217458,100
quartic set [d=3],Projected SGLD,720,0.07200000000000001,0.6770562500000002,0.004229912980872965,0.6650499999999999,0.007562700869692288,100
quartic set [d=3],Projected SGLD,730,0.07300000000000001,0.6772937499999998,0.004202549092665384,0.6646,0.008738051004287825,100
quartic set [d=3],Projected SGLD,740,0.07400000000000001,0.6763499999999999,0.004956184280902261,0.6649249999999999,0.009131855388051377,100
quartic set [d=3],Projected SGLD,750,0.075,0.6758124999999998,0.004849779360804453,0.6657,0.008142357140164017,100
quartic set [d=3],Projected SGLD,760,0.076,0.6764875000000004,0.005181202061103181,0.665575,0.008377571970518196,100
quartic set [d=3],Projected SGLD,770,0.077,0.6766125,0.0050339597994646604,0.6664250000000002,0.007883743342531464,100
quartic set [d=3],Projected SGLD,780,0.078,0.6764125,0.004616460858556683,0.6661,0.008742384853647945,100
quartic set [d=3],Projected SGLD,790,0.079,0.6773,0.003937725462520441,0.6661999999999999,0.008561128973034422,100
quartic set [d=3],Projected SGLD,800,0.08,0.6769500000000002,0.004753454352660633,0.666125,0.007574336988019542,100
quartic set [d=3],Projected SGLD,810,0.081,0.6771062499999999,0.004925786835315725,0.6657499999999998,0.008765318481424865,100
quartic set [d=3],Projected SGLD,820,0.082,0.6766062500000001,0.004748450538083578,0.6641499999999999,0.008588664128672848,100
quartic set [d=3],Projected SGLD,830,0.083,0.6765062500000001,0.004962847289580548,0.6648000000000002,0.008873977391647721,100
quartic set [d=3],Projected SGLD,840,0.084,0.6771687500000002,0.004454503984165862,0.6652999999999999,0.008574392224537094,100
quartic set [d=3],Projected SGLD,850,0.085,0.6764937500000001,0.004568584223318599,0.664625,0.00850115114011454,100
quartic set [d=3],Projected SGLD,860,0.08600000000000001,0.6767625000000002,0.004502892588844052,0.666275,0.00818423435143398,100
quartic set [d=3],Projected SGLD,870,0.08700000000000001,0.6764125000000001,0.005252930278915909,0.6668249999999999,0.007570001601216759,100
quartic set [d=3],Projected SGLD,880,0.08800000000000001,0.676725,0.005185267104932492,0.6650499999999999,0.008079310151569413,100
quartic set [d=3],Projected SGLD,890,0.08900000000000001,0.6770437499999999,0.004658352137165939,0.6653000000000001,0.00804250074179781,100
quartic set [d=3],Projected SGLD,900,0.09000000000000001,0.6766437499999999,0.004774470956730879,0.6648,0.007766152928775703,100
quartic set [d=3],Projected SGLD,910,0.091,0.6769124999999999,0.004603793862597778,0.66595,0.00880326500495554,100
quartic set [d=3],Projected SGLD,920,0.092,0.67719375,0.004578591727769138,0.664975,0.007933554555102524,100
quartic set [d=3],Projected SGLD,930,0.093,0.67708125,0.004519227127038166,0.6638250000000001,0.009186995365100818,100
quartic set [d=3],Projected SGLD,940,0.094,0.6762812500000002,0.004675700637553719,0.6646750000000001,0.00873758137489022,100
quartic set [d=3],Projected SGLD,950,0.095,0.6766937499999999,0.004381123960708133,0.6642,0.008078528718933066,100
quartic set [d=3],Projected SGLD,960,0.096,0.6765687499999998,0.005012999987658353,0.6644750000000001,0.008267123337826065,100
quartic set [d=3],Projected SGLD,970,0.097,0.6767437499999999,0.004344041802203674,0.6648499999999999,0.008585723409512245,100
quartic set [d=3],Projected SGLD,980,0.098,0.6765375,0.00473860608473237,0.66435,0.008368260140422133,100
quartic set [d=3],Projected SGLD,990,0.099,0.6773249999999998,0.004438197946250373,0.6651499999999999,0.007693792591722533,100
quartic set [d=3],Projected SGLD,1000,0.1,0.677675,0.004207264340675931,0.6637000000000001,0.007110953281076785,100
quartic set [d=3],Non-reversible SGLD,0,0.0,0.50695625,0.10427364412098679,0.504375,0.09785539669132287,100
quartic set [d=3],Non-reversible SGLD,10,0.001,0.5076250000000001,0.07913969835714947,0.50735,0.07483383950696058,100
quartic set [d=3],Non-reversible SGLD,20,0.002,0.5031874999999999,0.08716709307358476,0.5035250000000001,0.08239861768846427,100
quartic set [d=3],Non-reversible SGLD,30,0.003,0.497675,0.07412314010476014,0.496675,0.07143201101025855,100
quartic set [d=3],Non-reversible SGLD,40,0.004,0.49499375,0.07407113649938556,0.49402499999999994,0.06950210283135179,100
quartic set [d=3],Non-reversible SGLD,50,0.005,0.49224375000000004,0.06698739699185922,0.4950749999999999,0.06326097840603549,100
quartic set [d=3],Non-reversible SGLD,60,0.006,0.49409375,0.07433965265425344,0.4946,0.07058264015258349,100
quartic set [d=3],Non-reversible SGLD,70,0.007,0.4950625,0.06884213867115244,0.496025,0.0663135487093267,100
quartic set [d=3],Non-reversible SGLD,80,0.008,0.4913,0.06262479208215652,0.48945000000000005,0.061759328416561066,100
quartic set [d=3],Non-reversible SGLD,90,0.009000000000000001,0.4942249999999999,0.07306538513585284,0.495025,0.06740078286120296,100
quartic set [d=3],Non-reversible SGLD,100,0.01,0.49339374999999996,0.07429642924578707,0.495475,0.06929086603702984,100
quartic set [d=3],Non-reversible SGLD,110,0.011000000000000001,0.49086874999999996,0.08263666629194306,0.4912250000000001,0.08197644940820356,100
quartic set [d=3],Non-reversible SGLD,120,0.012,0.49729999999999996,0.06828573037042382,0.4944999999999999,0.061667690409192726,100
quartic set [d=3],Non-reversible SGLD,130,0.013000000000000001,0.509,0.07173820425334711,0.507275,0.06618204061526058,100
quartic set [d=3],Non-reversible SGLD,140,0.014,0.4944374999999999,0.0747747828499189,0.49449999999999994,0.07157234808290844,100
quartic set [d=3],Non-reversible SGLD,150,0.015000000000000001,0.4928875,0.07273612822901336,0.4933249999999999,0.06667808140914104,100
quartic set [d=3],Non-reversible SGLD,160,0.016,0.48642500000000005,0.06815578143436764,0.48597500000000005,0.06406465227968673,100
quartic set [d=3],Non-reversible SGLD,170,0.017,0.48585625,0.08030558620950362,0.485825,0.07561119228652528,100
quartic set [d=3],Non-reversible SGLD,180,0.018000000000000002,0.4963875000000001,0.06829010435101654,0.49805,0.06419625449283697,100
quartic set [d=3],Non-reversible SGLD,190,0.019,0.49064375,0.07695138455897288,0.49162500000000003,0.07303432066466763,100
quartic set [d=3],Non-reversible SGLD,200,0.02,0.5047624999999999,0.07233746038882656,0.5046,0.0675609713405961,100
quartic set [d=3],Non-reversible SGLD,210,0.021,0.48306874999999994,0.07365455083204432,0.4834250000000001,0.06826091413825264,100
quartic set [d=3],Non-reversible SGLD,220,0.022000000000000002,0.49595,0.06979483145244171,0.499075,0.06531262716869356,100
quartic set [d=3],Non-reversible SGLD,230,0.023,0.4976812500000001,0.07653228995822613,0.49652500000000005,0.06896318645377827,100
quartic set [d=3],Non-reversible SGLD,240,0.024,0.50115625,0.07044514704441028,0.49855000000000005,0.06645152786471922,100
quartic set [d=3],Non-reversible SGLD,250,0.025,0.49383749999999993,0.07701476372794183,0.49622499999999997,0.07317863762772922,100
quartic set [d=3],Non-reversible SGLD,260,0.026000000000000002,0.4968250000000001,0.06932386071289895,0.49735000000000007,0.06439679316314571,100
quartic set [d=3],Non-reversible SGLD,270,0.027,0.496975,0.07220697488624088,0.49735,0.06774862554049536,100
quartic set [d=3],Non-reversible SGLD,280,0.028,0.48975625,0.07830370445258306,0.48875,0.07463251721778268,100
quartic set [d=3],Non-reversible SGLD,290,0.029,0.48406875,0.0783004592829874,0.48475,0.07550795997907783,100
quartic set [d=3],Non-reversible SGLD,300,0.030000000000000002,0.48398125000000003,0.07040818573412619,0.485475,0.06495987009086626,100
quartic set [d=3],Non-reversible SGLD,310,0.031,0.49074375,0.06803117641442641,0.491,0.06430769625775594,100
quartic set [d=3],Non-reversible SGLD,320,0.032,0.48508125,0.07397018444314594,0.485575,0.06898054091736687,100
quartic set [d=3],Non-reversible SGLD,330,0.033,0.4861812499999999,0.07212322064879695,0.48705,0.07096234241063383,100
quartic set [d=3],Non-reversible SGLD,340,0.034,0.4884500000000001,0.07195987413029907,0.488625,0.0674970771907416,100
quartic set [d=3],Non-reversible SGLD,350,0.035,0.49066875000000004,0.07158057587864662,0.490325,0.07074161173816393,100
quartic set [d=3],Non-reversible SGLD,360,0.036000000000000004,0.5062375,0.07330900831928897,0.50505,0.06658326222167857,100
quartic set [d=3],Non-reversible SGLD,370,0.037000000000000005,0.50441875,0.06996409923312474,0.502275,0.07001361249316759,100
quartic set [d=3],Non-reversible SGLD,380,0.038,0.5015875000000001,0.06839476751539439,0.50265,0.06242755397218039,100
quartic set [d=3],Non-reversible SGLD,390,0.039,0.5029499999999999,0.06549045732013177,0.5019500000000001,0.06104992575215333,100
quartic set [d=3],Non-reversible SGLD,400,0.04,0.49957499999999994,0.07000777148418466,0.500175,0.06333956807429605,100
quartic set [d=3],Non-reversible SGLD,410,0.041,0.5068312500000001,0.07448387514254343,0.5097999999999999,0.0698688164716672,100
quartic set [d=3],Non-reversible SGLD,420,0.042,0.48414999999999997,0.07372733986751043,0.48657500000000004,0.06903067591420294,100
quartic set [d=3],Non-reversible SGLD,430,0.043000000000000003,0.50539375,0.06992175545599509,0.5056,0.06514273372814314,100
quartic set [d=3],Non-reversible SGLD,440,0.044000000000000004,0.47925624999999994,0.06639294511693622,0.4813000000000001,0.06425316876987233,100
quartic set [d=3],Non-reversible SGLD,450,0.045000000000000005,0.48524375,0.07286821415077172,0.48725,0.06974837531144262,100
quartic set [d=3],Non-reversible SGLD,460,0.046,0.48930625000000005,0.07049215376273153,0.4891500000000001,0.0640561030927916,100
quartic set [d=3],Non-reversible SGLD,470,0.047,0.502825,0.06985766779674227,0.502825,0.06466078444818424,100
quartic set [d=3],Non-reversible SGLD,480,0.048,0.49894374999999996,0.06625444852369758,0.49902499999999994,0.05899077033611686,100
quartic set [d=3],Non-reversible SGLD,490,0.049,0.4926187499999999,0.05900323505672456,0.49365000000000003,0.05679844303599466,100
quartic set [d=3],Non-reversible SGLD,500,0.05,0.4941937500000001,0.0679228417321984,0.496025,0.06262270278453656,100
quartic set [d=3],Non-reversible SGLD,510,0.051000000000000004,0.48639375,0.0702292565599058,0.4866249999999999,0.06859923781860064,100
quartic set [d=3],Non-reversible SGLD,520,0.052000000000000005,0.49070625000000007,0.06939718654012095,0.489075,0.066294086722297,100
quartic set [d=3],Non-reversible SGLD,530,0.053000000000000005,0.5008375,0.07470344463377519,0.500225,0.06885159619050091,100
quartic set [d=3],Non-reversible SGLD,540,0.054,0.49829999999999997,0.06403438992786879,0.49760000000000004,0.05985770163015319,100
quartic set [d=3],Non-reversible SGLD,550,0.055,0.49204999999999993,0.07921784031862694,0.493825,0.07602120833137037,100
quartic set [d=3],Non-reversible SGLD,560,0.056,0.4936499999999999,0.07070820721940146,0.4927249999999999,0.06889651055508303,100
quartic set [d=3],Non-reversible SGLD,570,0.057,0.5041687499999999,0.07527627224979833,0.506625,0.07249553713188422,100
quartic set [d=3],Non-reversible SGLD,580,0.058,0.4986062500000001,0.0711834514993556,0.499375,0.06869671948264174,100
quartic set [d=3],Non-reversible SGLD,590,0.059000000000000004,0.4964312499999999,0.06967067729638395,0.49475,0.0645961619712359,100
quartic set [d=3],Non-reversible SGLD,600,0.060000000000000005,0.49594375000000007,0.06769294667827198,0.49647500000000006,0.0635304895783167,100
quartic set [d=3],Non-reversible SGLD,610,0.061000000000000006,0.47688749999999996,0.07190916403682321,0.4765750000000001,0.06837642303654622,100
quartic set [d=3],Non-reversible SGLD,620,0.062,0.496025,0.0706886624215616,0.498325,0.0662258675315245,100
quartic set [d=3],Non-reversible SGLD,630,0.063,0.49341250000000003,0.0707594545651218,0.49290000000000006,0.06506962083457653,100
quartic set [d=3],Non-reversible SGLD,640,0.064,0.49981250000000005,0.07765784573233975,0.50135,0.07346271300476319,100
quartic set [d=3],Non-reversible SGLD,650,0.065,0.49321250000000005,0.07000744120802409,0.49479999999999996,0.06490832696265487,100
quartic set [d=3],Non-reversible SGLD,660,0.066,0.49161875,0.0700529705221504,0.49285,0.06418291805221206,100
quartic set [d=3],Non-reversible SGLD,670,0.067,0.49808125000000003,0.06653569372966951,0.5000249999999999,0.06298798887426271,100
quartic set [d=3],Non-reversible SGLD,680,0.068,0.50433125,0.07579441720191055,0.502075,0.07134623131057605,100
quartic set [d=3],Non-reversible SGLD,690,0.069,0.49208749999999996,0.07119028930736739,0.490475,0.06204704043927259,100
quartic set [d=3],Non-reversible SGLD,700,0.07,0.49542500000000006,0.06750081134940737,0.4947,0.06830864298952737,100
quartic set [d=3],Non-reversible SGLD,710,0.07100000000000001,0.4960062499999999,0.07365834352190806,0.4967249999999999,0.0692370899244915,100
quartic set [d=3],Non-reversible SGLD,720,0.07200000000000001,0.49346249999999997,0.06839361370188024,0.49432499999999996,0.0667148074291085,100
quartic set [d=3],Non-reversible SGLD,730,0.07300000000000001,0.4957562499999999,0.06567577370849616,0.4978250000000001,0.061151260341992475,100
quartic set [d=3],Non-reversible SGLD,740,0.07400000000000001,0.48997499999999994,0.07202610488811353,0.49137499999999995,0.07093119354114744,100
quartic set [d=3],Non-reversible SGLD,750,0.075,0.4987874999999999,0.07420495160143775,0.49727499999999997,0.07129049885694956,100
quartic set [d=3],Non-reversible SGLD,760,0.076,0.48938125000000005,0.07175989878000572,0.489475,0.06710301800405497,100
quartic set [d=3],Non-reversible SGLD,770,0.077,0.4921,0.0741949384317346,0.4922749999999999,0.07068129404787966,100
quartic set [d=3],Non-reversible SGLD,780,0.078,0.505625,0.07010206303971547,0.50265,0.062292909433229765,100
quartic set [d=3],Non-reversible SGLD,790,0.079,0.4945312500000001,0.07271869092458522,0.495025,0.06603057812464425,100
quartic set [d=3],Non-reversible SGLD,800,0.08,0.5036,0.07625455980735933,0.505725,0.07189910772686399,100
quartic set [d=3],Non-reversible SGLD,810,0.081,0.48984375,0.06822673775459176,0.49285,0.06355525314260184,100
quartic set [d=3],Non-reversible SGLD,820,0.082,0.48908749999999995,0.0717526362888078,0.48867499999999997,0.06782558495691338,100
quartic set [d=3],Non-reversible SGLD,830,0.083,0.47159375000000003,0.06931325597769736,0.47475,0.06500631282476116,100
quartic set [d=3],Non-reversible SGLD,840,0.084,0.4932,0.0725181360109666,0.49295,0.06700518222081368,100
quartic set [d=3],Non-reversible SGLD,850,0.085,0.5024562499999999,0.07145108602483792,0.504125,0.06624047005975557,100
quartic set [d=3],Non-reversible SGLD,860,0.08600000000000001,0.4915375,0.0638445908955188,0.489375,0.0617376485418318,100
quartic set [d=3],Non-reversible SGLD,870,0.08700000000000001,0.5067875000000001,0.06435179781929762,0.5058250000000001,0.06175776951898114,100
quartic set [d=3],Non-reversible SGLD,880,0.08800000000000001,0.5044625,0.07079667166212225,0.500775,0.06567606358699361,100
quartic set [d=3],Non-reversible SGLD,890,0.08900000000000001,0.49332499999999996,0.07070726749611865,0.495475,0.06644631671545463,100
quartic set [d=3],Non-reversible SGLD,900,0.09000000000000001,0.4871125,0.07210455656212165,0.48737499999999995,0.06635569042301612,100
quartic set [d=3],Non-reversible SGLD,910,0.091,0.48648125,0.06703100343424315,0.4876,0.06500866298137704,100
quartic set [d=3],Non-reversible SGLD,920,0.092,0.49604374999999995,0.06882199255162011,0.49670000000000003,0.0653273420258441,100
quartic set [d=3],Non-reversible SGLD,930,0.093,0.5003875,0.07344880393336861,0.50355,0.06826047483165074,100
quartic set [d=3],Non-reversible SGLD,940,0.094,0.5026812500000001,0.08020802808875409,0.49885000000000007,0.07303003740678463,100
quartic set [d=3],Non-reversible SGLD,950,0.095,0.4964187499999999,0.061792322773340916,0.495025,0.05750219034036351,100
quartic set [d=3],Non-reversible SGLD,960,0.096,0.4988562499999999,0.073322574484106,0.49942499999999995,0.06914142931321819,100
quartic set [d=3],Non-reversible SGLD,970,0.097,0.48775625,0.06874438079653118,0.489375,0.06329282496396564,100
quartic set [d=3],Non-reversible SGLD,980,0.098,0.49808125,0.06489661644062747,0.49687500000000007,0.060579456755636904,100
quartic set [d=3],Non-reversible SGLD,990,0.099,0.50261875,0.07728488672991674,0.5010249999999999,0.07613459556216308,100
quartic set [d=3],Non-reversible SGLD,1000,0.1,0.5005875,0.07528841954393944,0.49945000000000006,0.06895191195040323,100
quartic set [d=3],Reversible anchored Langevin,0,0.0,0.50695625,0.10427364412098679,0.504375,0.09785539669132287,100
quartic set [d=3],Reversible anchored Langevin,10,0.001,0.5904,0.07434687843704894,0.5805500000000001,0.069784643472948,100
quartic set [d=3],Reversible anchored Langevin,20,0.002,0.65900625,0.016367363426738266,0.64685,0.020870028289585063,100
quartic set [d=3],Reversible anchored Langevin,30,0.003,0.6716187499999999,0.008055547664137547,0.6607999999999999,0.01265250404409573,100
quartic set [d=3],Reversible anchored Langevin,40,0.004,0.6758749999999999,0.005165352961039661,0.66495,0.010371751651636884,100
quartic set [d=3],Reversible anchored Langevin,50,0.005,0.6763187500000001,0.00546806543334417,0.6638,0.008306623862918083,100
quartic set [d=3],Reversible anchored Langevin,60,0.006,0.6758312500000001,0.005512737059425532,0.664,0.007670618217483121,100
quartic set [d=3],Reversible anchored Langevin,70,0.007,0.67718125,0.004716133087658264,0.6644000000000001,0.007488374828743398,100
quartic set [d=3],Reversible anchored Langevin,80,0.008,0.6778062500000002,0.004513496000772566,0.6633,0.00824866074222987,100
quartic set [d=3],Reversible anchored Langevin,90,0.009000000000000001,0.6771312500000001,0.003981783607184658,0.6647500000000001,0.008299172406105485,100
quartic set [d=3],Reversible anchored Langevin,100,0.01,0.67719375,0.004281094472954744,0.66625,0.008283944553999473,100
quartic set [d=3],Reversible anchored Langevin,110,0.011000000000000001,0.6765625,0.005365065990349803,0.6655000000000001,0.007865665062071163,100
quartic set [d=3],Reversible anchored Langevin,120,0.012,0.6766500000000001,0.00430318034842965,0.6646500000000001,0.007993210502758837,100
quartic set [d=3],Reversible anchored Langevin,130,0.013000000000000001,0.67709375,0.004222518659018285,0.66535,0.007937731146717924,100
quartic set [d=3],Reversible anchored Langevin,140,0.014,0.6758562499999999,0.005414229492501659,0.6672999999999999,0.008518251349931286,100
quartic set [d=3],Reversible anchored Langevin,150,0.015000000000000001,0.675575,0.00511829753892539,0.6665749999999998,0.007717020084844869,100
quartic set [d=3],Reversible anchored Langevin,160,0.016,0.6763687500000001,0.005002126284002748,0.666725,0.008824144734932135,100
quartic set [d=3],Reversible anchored Langevin,170,0.017,0.6764812499999999,0.004510137815930562,0.6653249999999999,0.007261832907174142,100
quartic set [d=3],Reversible anchored Langevin,180,0.018000000000000002,0.6776062500000003,0.0046593684476340935,0.6640999999999999,0.007251958982985852,100
quartic set [d=3],Reversible anchored Langevin,190,0.019,0.67726875,0.0048024869596361005,0.665225,0.007248258237311053,100
quartic set [d=3],Reversible anchored Langevin,200,0.02,0.67695625,0.004271092009904574,0.6654249999999999,0.007671070869365531,100
quartic set [d=3],Reversible anchored Langevin,210,0.021,0.6777375000000001,0.003946633426610638,0.6636250000000001,0.00723326176476255,100
quartic set [d=3],Reversible anchored Langevin,220,0.022000000000000002,0.6780875000000001,0.0038165599760130973,0.6632499999999999,0.00721687836487033,100
quartic set [d=3],Reversible anchored Langevin,230,0.023,0.6768750000000001,0.004539216047208188,0.665025,0.008449904368594002,100
quartic set [d=3],Reversible anchored Langevin,240,0.024,0.6770062499999999,0.004158415124901569,0.6650250000000001,0.007821356091568215,100
quartic set [d=3],Reversible anchored Langevin,250,0.025,0.6775625000000002,0.004418077962054082,0.6654750000000001,0.008247244718968004,100
quartic set [d=3],Reversible anchored Langevin,260,0.026000000000000002,0.6777999999999998,0.004824475948931471,0.6654499999999999,0.008074620421387927,100
quartic set [d=3],Reversible anchored Langevin,270,0.027,0.6777500000000002,0.004286165199944133,0.6647750000000001,0.0076384113716680855,100
quartic set [d=3],Reversible anchored Langevin,280,0.028,0.6772125000000002,0.004420684993084319,0.6639750000000001,0.008827006024328716,100
quartic set [d=3],Reversible anchored Langevin,290,0.029,0.6765624999999998,0.00433149363628901,0.6648499999999999,0.008278760703624604,100
quartic set [d=3],Reversible anchored Langevin,300,0.030000000000000002,0.6765875,0.0047651771088583796,0.66475,0.008091178635846064,100
quartic set [d=3],Reversible anchored Langevin,310,0.031,0.6776375,0.004504819949540471,0.664475,0.008327990711626024,100
quartic set [d=3],Reversible anchored Langevin,320,0.032,0.6776437500000001,0.004406770466789682,0.664725,0.0077760234312944645,100
quartic set [d=3],Reversible anchored Langevin,330,0.033,0.6773937500000002,0.004248305329092053,0.6642,0.00855670332062365,100
quartic set [d=3],Reversible anchored Langevin,340,0.034,0.67723125,0.0044312357976578585,0.66495,0.00818026079453869,100
quartic set [d=3],Reversible anchored Langevin,350,0.035,0.6773124999999999,0.003926305836948081,0.66595,0.008062101137264084,100
quartic set [d=3],Reversible anchored Langevin,360,0.036000000000000004,0.67710625,0.004452023111502631,0.66425,0.007474704818333108,100
quartic set [d=3],Reversible anchored Langevin,370,0.037000000000000005,0.6777500000000002,0.004639803635691683,0.6637499999999998,0.007797143999276569,100
quartic set [d=3],Reversible anchored Langevin,380,0.038,0.6778624999999999,0.003984839483225234,0.66525,0.008153359597569142,100
quartic set [d=3],Reversible anchored Langevin,390,0.039,0.67691875,0.004798048286658976,0.6647750000000001,0.008095819784295974,100
quartic set [d=3],Reversible anchored Langevin,400,0.04,0.6770249999999999,0.004524519339391235,0.6648999999999999,0.008378061780144577,100
quartic set [d=3],Reversible anchored Langevin,410,0.041,0.6765187500000001,0.004705881468058259,0.66655,0.007271606605576426,100
quartic set [d=3],Reversible anchored Langevin,420,0.042,0.6774500000000002,0.004981563230776288,0.6653500000000001,0.00831831980897852,100
quartic set [d=3],Reversible anchored Langevin,430,0.043000000000000003,0.67688125,0.005220436694406235,0.6635249999999998,0.007178241181838801,100
quartic set [d=3],Reversible anchored Langevin,440,0.044000000000000004,0.6764937500000001,0.005250131521921596,0.664225,0.008473778628358443,100
quartic set [d=3],Reversible anchored Langevin,450,0.045000000000000005,0.6770937500000003,0.004550827395910967,0.6642500000000001,0.007893706737687066,100
quartic set [d=3],Reversible anchored Langevin,460,0.046,0.6767500000000001,0.004861562028148502,0.6643000000000001,0.007428786488173476,100
quartic set [d=3],Reversible anchored Langevin,470,0.047,0.6774687499999997,0.004126104650070494,0.6646249999999999,0.007482091413447977,100
quartic set [d=3],Reversible anchored Langevin,480,0.048,0.6773812499999998,0.004329849087287791,0.6638000000000001,0.00862724132786913,100
quartic set [d=3],Reversible anchored Langevin,490,0.049,0.67721875,0.0038643906163661344,0.6629749999999999,0.0083158528781424,100
quartic set [d=3],Reversible anchored Langevin,500,0.05,0.6770812499999999,0.004600565916824856,0.664375,0.008275366573100677,100
quartic set [d=3],Reversible anchored Langevin,510,0.051000000000000004,0.67714375,0.004626394650494185,0.66345,0.00798341083026851,100
quartic set [d=3],Reversible anchored Langevin,520,0.052000000000000005,0.6770187499999999,0.004874413167217934,0.6633500000000001,0.007556353938804416,100
quartic set [d=3],Reversible anchored Langevin,530,0.053000000000000005,0.6772437499999998,0.0047300009276164635,0.6644000000000001,0.007753461266825398,100
quartic set [d=3],Reversible anchored Langevin,540,0.054,0.6778437499999999,0.004043028316394996,0.665225,0.008142473440998983,100
quartic set [d=3],Reversible anchored Langevin,550,0.055,0.6767125,0.004913728577704868,0.6650000000000001,0.008386195968869494,100
quartic set [d=3],Reversible anchored Langevin,560,0.056,0.6774187500000001,0.004534567533364838,0.6627500000000001,0.008020648856595591,100
quartic set [d=3],Reversible anchored Langevin,570,0.057,0.6763499999999999,0.0044369886958238606,0.664825,0.007754560404736504,100
quartic set [d=3],Reversible anchored Langevin,580,0.058,0.67755625,0.004534080228968967,0.6644999999999999,0.008718377200494433,100
quartic set [d=3],Reversible anchored Langevin,590,0.059000000000000004,0.67733125,0.004062966173719374,0.6644249999999999,0.008007690432366009,100
quartic set [d=3],Reversible anchored Langevin,600,0.060000000000000005,0.6771312500000001,0.00513554824190656,0.665425,0.008947482858041676,100
quartic set [d=3],Reversible anchored Langevin,610,0.061000000000000006,0.6774374999999999,0.004253359486240487,0.6644249999999999,0.007685870218140633,100
quartic set [d=3],Reversible anchored Langevin,620,0.062,0.6771999999999998,0.004151943685027092,0.6646000000000001,0.008353913980157984,100
quartic set [d=3],Reversible anchored Langevin,630,0.063,0.67784375,0.004085743529566432,0.664675,0.00771702008484487,100
quartic set [d=3],Reversible anchored Langevin,640,0.064,0.6776749999999998,0.00395292692990034,0.664675,0.007870920460078921,100
quartic set [d=3],Reversible anchored Langevin,650,0.065,0.6778,0.004293045527244025,0.6649250000000001,0.008207035353459215,100
quartic set [d=3],Reversible anchored Langevin,660,0.066,0.67715625,0.0044340130701843545,0.6661,0.009416834270431216,100
quartic set [d=3],Reversible anchored Langevin,670,0.067,0.67695625,0.004601937963258171,0.66565,0.007910643641846276,100
quartic set [d=3],Reversible anchored Langevin,680,0.068,0.6769562499999999,0.004750444390429769,0.6658999999999999,0.007797305932049859,100
quartic set [d=3],Reversible anchored Langevin,690,0.069,0.6775437499999997,0.004254987232766995,0.6650500000000001,0.008854748198371638,100
quartic set [d=3],Reversible anchored Langevin,700,0.07,0.6774624999999997,0.0038453985029466985,0.6656750000000001,0.008248469401940432,100
quartic set [d=3],Reversible anchored Langevin,710,0.07100000000000001,0.6771375000000002,0.004825866096967323,0.665375,0.007884704218045255,100
quartic set [d=3],Reversible anchored Langevin,720,0.07200000000000001,0.6770875000000003,0.0042605150670269555,0.6649250000000001,0.007780568582998772,100
quartic set [d=3],Reversible anchored Langevin,730,0.07300000000000001,0.6776874999999998,0.004117608927864365,0.6644999999999999,0.00852062263575909,100
quartic set [d=3],Reversible anchored Langevin,740,0.07400000000000001,0.6765875,0.00468837954711197,0.6649250000000001,0.008359466598903421,100
quartic set [d=3],Reversible anchored Langevin,750,0.075,0.6761624999999999,0.004810995271775955,0.66545,0.007820427795785281,100
quartic set [d=3],Reversible anchored Langevin,760,0.076,0.6765062500000003,0.005015046017040152,0.6651499999999999,0.008331969585381196,100
quartic set [d=3],Reversible anchored Langevin,770,0.077,0.6768937500000001,0.004550029657745501,0.66635,0.007665843170529359,100
quartic set [d=3],Reversible anchored Langevin,780,0.078,0.6769124999999999,0.004614067067023396,0.6661,0.00866258645211718,100
quartic set [d=3],Reversible anchored Langevin,790,0.079,0.67755,0.0037190218791200635,0.665825,0.008310992781256707,100
quartic set [d=3],Reversible anchored Langevin,800,0.08,0.6773312500000003,0.004461053934844988,0.66645,0.007222824372722349,100
quartic set [d=3],Reversible anchored Langevin,810,0.081,0.67715625,0.00463416628522229,0.6653500000000001,0.008819314204080903,100
quartic set [d=3],Reversible anchored Langevin,820,0.082,0.6768562499999998,0.0047875105493461875,0.664325,0.008430157205239456,100
quartic set [d=3],Reversible anchored Langevin,830,0.083,0.6766750000000001,0.004591830965547582,0.6644750000000001,0.008899658091264763,100
quartic set [d=3],Reversible anchored Langevin,840,0.084,0.6772937500000001,0.004342006726343962,0.665225,0.008668232667375611,100
quartic set [d=3],Reversible anchored Langevin,850,0.085,0.676725,0.004405216719235773,0.6645750000000001,0.00837154119742608,100
quartic set [d=3],Reversible anchored Langevin,860,0.08600000000000001,0.6769624999999999,0.004644920245914787,0.666075,0.00832768748140076,100
quartic set [d=3],Reversible anchored Langevin,870,0.08700000000000001,0.6767000000000002,0.005226166439807064,0.6668249999999999,0.007561657332632957,100
quartic set [d=3],Reversible anchored Langevin,880,0.08800000000000001,0.6768,0.0049907426928527095,0.66565,0.008005837516677092,100
quartic set [d=3],Reversible anchored Langevin,890,0.08900000000000001,0.6774500000000002,0.0044155587518352815,0.6656,0.007802162352433935,100
quartic set [d=3],Reversible anchored Langevin,900,0.09000000000000001,0.67693125,0.004696514900391137,0.6649249999999999,0.007861289572161418,100
quartic set [d=3],Reversible anchored Langevin,910,0.091,0.6771375000000001,0.00450008768152513,0.6661499999999998,0.008921798296783277,100
quartic set [d=3],Reversible anchored Langevin,920,0.092,0.6772375,0.004628888619148758,0.6651250000000002,0.008098002933757908,100
quartic set [d=3],Reversible anchored Langevin,930,0.093,0.6769812499999999,0.004456806415104567,0.66455,0.00894271895019755,100
quartic set [d=3],Reversible anchored Langevin,940,0.094,0.6766937499999999,0.004588749382616651,0.6647000000000002,0.008213379082910763,100
quartic set [d=3],Reversible anchored Langevin,950,0.095,0.6768625,0.004306351751081239,0.664675,0.007725196542235138,100
quartic set [d=3],Reversible anchored Langevin,960,0.096,0.6765812499999998,0.004940823264682547,0.664525,0.00845886511240717,100
quartic set [d=3],Reversible anchored Langevin,970,0.097,0.6768999999999998,0.004225829964502703,0.664625,0.008336173758343394,100
quartic set [d=3],Reversible anchored Langevin,980,0.098,0.6767624999999999,0.004551698678360186,0.664325,0.008407660948579145,100
quartic set [d=3],Reversible anchored Langevin,990,0.099,0.6773874999999998,0.00419345554935837,0.6650500000000001,0.008055834199290896,100
quartic set [d=3],Reversible anchored Langevin,1000,0.1,0.6778749999999998,0.004131480217534493,0.6640499999999999,0.00762753518046905,100
quartic set [d=3],Non-reversible anchored Langevin,0,0.0,0.50695625,0.10427364412098679,0.504375,0.09785539669132287,100
quartic set [d=3],Non-reversible anchored Langevin,10,0.001,0.5220062500000001,0.07644103279413379,0.5161999999999999,0.06820061020491848,100
quartic set [d=3],Non-reversible anchored Langevin,20,0.002,0.5257624999999999,0.07767126217871281,0.52295,0.07275371836101255,100
quartic set [d=3],Non-reversible anchored Langevin,30,0.003,0.5158937499999999,0.07764197929715144,0.5129,0.07202405602619619,100
quartic set [d=3],Non-reversible anchored Langevin,40,0.004,0.49539375,0.07378982911619647,0.4945250000000001,0.06803398493444733,100
quartic set [d=3],Non-reversible anchored Langevin,50,0.005,0.5071875,0.07027428113930774,0.5079499999999999,0.06454618188521763,100
quartic set [d=3],Non-reversible anchored Langevin,60,0.006,0.4896875,0.07453139062255121,0.48932500000000007,0.0686999174789618,100
quartic set [d=3],Non-reversible anchored Langevin,70,0.007,0.5099750000000001,0.06651384710013852,0.5097,0.061156034911205664,100
quartic set [d=3],Non-reversible anchored Langevin,80,0.008,0.50219375,0.06661814610973864,0.49810000000000004,0.06093455671472634,100
quartic set [d=3],Non-reversible anchored Langevin,90,0.009000000000000001,0.48924375000000003,0.06460063887155944,0.48839999999999995,0.056613745341711506,100
quartic set [d=3],Non-reversible anchored Langevin,100,0.01,0.4767687500000001,0.07267487264055374,0.47684999999999994,0.0686951066435425,100
quartic set [d=3],Non-reversible anchored Langevin,110,0.011000000000000001,0.49134999999999995,0.07103468040828417,0.48960000000000004,0.06953191259189458,100
quartic set [d=3],Non-reversible anchored Langevin,120,0.012,0.5136812500000001,0.0670613844551235,0.51235,0.0634028924235856,100
quartic set [d=3],Non-reversible anchored Langevin,130,0.013000000000000001,0.50048125,0.07152066562047263,0.49920000000000003,0.07066323605166218,100
quartic set [d=3],Non-reversible anchored Langevin,140,0.014,0.4831375,0.07036481527393754,0.48575,0.06871245531307636,100
quartic set [d=3],Non-reversible anchored Langevin,150,0.015000000000000001,0.48040625,0.06813854437454857,0.4838000000000001,0.06566143649376124,100
quartic set [d=3],Non-reversible anchored Langevin,160,0.016,0.4972,0.07063226140376719,0.49722500000000003,0.06755178989621087,100
quartic set [d=3],Non-reversible anchored Langevin,170,0.017,0.49876875,0.07563402332636304,0.49597500000000005,0.06883032039043917,100
quartic set [d=3],Non-reversible anchored Langevin,180,0.018000000000000002,0.49990624999999994,0.06956390214764821,0.49842499999999995,0.06298313767440561,100
quartic set [d=3],Non-reversible anchored Langevin,190,0.019,0.5028312500000001,0.06960734111107125,0.501425,0.06443936054050108,100
quartic set [d=3],Non-reversible anchored Langevin,200,0.02,0.51871875,0.07149459472884591,0.5165500000000001,0.06651002430711729,100
quartic set [d=3],Non-reversible anchored Langevin,210,0.021,0.48834999999999995,0.07371053343925134,0.4894250000000001,0.06727549177025235,100
quartic set [d=3],Non-reversible anchored Langevin,220,0.022000000000000002,0.49036250000000003,0.07439498076401922,0.4915,0.06916073359000084,100
quartic set [d=3],Non-reversible anchored Langevin,230,0.023,0.48390625,0.0660043075552343,0.4855500000000001,0.06039597869415018,100
quartic set [d=3],Non-reversible anchored Langevin,240,0.024,0.4952625,0.0763455261451104,0.4961499999999999,0.07327513186269234,100
quartic set [d=3],Non-reversible anchored Langevin,250,0.025,0.4945125,0.06883973597231016,0.49687500000000007,0.06444829479528688,100
quartic set [d=3],Non-reversible anchored Langevin,260,0.026000000000000002,0.49418125,0.0661930200338336,0.49542499999999995,0.0618711342022655,100
quartic set [d=3],Non-reversible anchored Langevin,270,0.027,0.48794999999999994,0.07178747305678608,0.487425,0.06682883212379447,100
quartic set [d=3],Non-reversible anchored Langevin,280,0.028,0.4943874999999999,0.06932615443057052,0.49412500000000004,0.06223162075032371,100
quartic set [d=3],Non-reversible anchored Langevin,290,0.029,0.5005812500000001,0.07746472269562842,0.4984000000000001,0.0697185177493879,100
quartic set [d=3],Non-reversible anchored Langevin,300,0.030000000000000002,0.49797499999999995,0.07688001030728653,0.49545,0.07516092163760461,100
quartic set [d=3],Non-reversible anchored Langevin,310,0.031,0.4904,0.06513810600205806,0.48829999999999996,0.06257508620962031,100
quartic set [d=3],Non-reversible anchored Langevin,320,0.032,0.48548749999999996,0.07181074642257715,0.4878749999999999,0.063267883845302,100
quartic set [d=3],Non-reversible anchored Langevin,330,0.033,0.4797125,0.06653564421238871,0.47934999999999994,0.0595539183590735,100
quartic set [d=3],Non-reversible anchored Langevin,340,0.034,0.48591249999999986,0.06877957467647476,0.4887500000000001,0.06518282369651153,100
quartic set [d=3],Non-reversible anchored Langevin,350,0.035,0.49513125,0.07011024051764421,0.49559999999999993,0.06193748885168437,100
quartic set [d=3],Non-reversible anchored Langevin,360,0.036000000000000004,0.486375,0.06675361281033651,0.48485000000000006,0.06080563919223082,100
quartic set [d=3],Non-reversible anchored Langevin,370,0.037000000000000005,0.5017375,0.06851956215364538,0.5008500000000001,0.06756891356835686,100
quartic set [d=3],Non-reversible anchored Langevin,380,0.038,0.49468750000000006,0.07420004249876265,0.4963249999999999,0.06911183935031566,100
quartic set [d=3],Non-reversible anchored Langevin,390,0.039,0.48999374999999995,0.0684113269217861,0.4912750000000001,0.06169071500786661,100
quartic set [d=3],Non-reversible anchored Langevin,400,0.04,0.50005625,0.07222262198194532,0.4997,0.06534512107636536,100
quartic set [d=3],Non-reversible anchored Langevin,410,0.041,0.4931249999999999,0.05695039541459557,0.4938499999999999,0.05275541525174301,100
quartic set [d=3],Non-reversible anchored Langevin,420,0.042,0.5063375,0.06897426804814806,0.5040499999999999,0.060837774848237575,100
quartic set [d=3],Non-reversible anchored Langevin,430,0.043000000000000003,0.5019875,0.07105354472814389,0.5008500000000001,0.06857424274227727,100
quartic set [d=3],Non-reversible anchored Langevin,440,0.044000000000000004,0.4970062500000001,0.0773141147565788,0.49692499999999995,0.07099389556201792,100
quartic set [d=3],Non-reversible anchored Langevin,450,0.045000000000000005,0.49996874999999996,0.06851897449499633,0.49887499999999996,0.065017844287223,100
quartic set [d=3],Non-reversible anchored Langevin,460,0.046,0.5036312500000001,0.07043424196797701,0.5041,0.06547275630506035,100
quartic set [d=3],Non-reversible anchored Langevin,470,0.047,0.49344375000000007,0.0668945852445314,0.49454999999999993,0.05963629242112033,100
quartic set [d=3],Non-reversible anchored Langevin,480,0.048,0.49069374999999993,0.07025852417594118,0.495275,0.06233047210253788,100
quartic set [d=3],Non-reversible anchored Langevin,490,0.049,0.49107499999999993,0.06560717530895689,0.49194999999999994,0.06108197422937126,100
quartic set [d=3],Non-reversible anchored Langevin,500,0.05,0.48210624999999996,0.07218002661476779,0.481475,0.06418594259861521,100
quartic set [d=3],Non-reversible anchored Langevin,510,0.051000000000000004,0.496875,0.06718266220543885,0.49682500000000007,0.0656839069431252,100
quartic set [d=3],Non-reversible anchored Langevin,520,0.052000000000000005,0.49876249999999994,0.0696753598951247,0.49694999999999995,0.06703833894786541,100
quartic set [d=3],Non-reversible anchored Langevin,530,0.053000000000000005,0.49290624999999993,0.06750709459302344,0.49192499999999995,0.06474099036416832,100
quartic set [d=3],Non-reversible anchored Langevin,540,0.054,0.49492500000000006,0.06673347031742063,0.49242499999999995,0.06219314063804981,100
quartic set [d=3],Non-reversible anchored Langevin,550,0.055,0.4934374999999999,0.06549222980937541,0.4923249999999999,0.06170377159698529,100
quartic set [d=3],Non-reversible anchored Langevin,560,0.056,0.49270625,0.06421553721165395,0.49385000000000007,0.05868553845916747,100
quartic set [d=3],Non-reversible anchored Langevin,570,0.057,0.48005000000000003,0.07855870424482739,0.4828750000000001,0.07387401830689921,100
quartic set [d=3],Non-reversible anchored Langevin,580,0.058,0.48368125,0.0728672936198561,0.48502500000000004,0.0705752830728158,100
quartic set [d=3],Non-reversible anchored Langevin,590,0.059000000000000004,0.48791249999999997,0.07327246634647253,0.492875,0.06784505426992367,100
quartic set [d=3],Non-reversible anchored Langevin,600,0.060000000000000005,0.4919374999999999,0.071722719666882,0.492775,0.06635428232471724,100
quartic set [d=3],Non-reversible anchored Langevin,610,0.061000000000000006,0.48110625000000007,0.07151525887675718,0.48282500000000006,0.06616635657510728,100
quartic set [d=3],Non-reversible anchored Langevin,620,0.062,0.49926874999999993,0.06652459144828407,0.5008750000000001,0.06384301987585399,100
quartic set [d=3],Non-reversible anchored Langevin,630,0.063,0.4959687499999999,0.06364862303562276,0.495375,0.059146256616265845,100
quartic set [d=3],Non-reversible anchored Langevin,640,0.064,0.4996500000000001,0.07633927957520038,0.5006499999999999,0.07183087248825704,100
quartic set [d=3],Non-reversible anchored Langevin,650,0.065,0.498175,0.07380271613627042,0.495275,0.06765078090137361,100
quartic set [d=3],Non-reversible anchored Langevin,660,0.066,0.48846249999999997,0.06873578939451316,0.4905,0.06383275970942516,100
quartic set [d=3],Non-reversible anchored Langevin,670,0.067,0.48654375,0.07533178165931807,0.4869,0.07252056482979378,100
quartic set [d=3],Non-reversible anchored Langevin,680,0.068,0.49088125000000005,0.06431623009963969,0.4935500000000001,0.05872184474712158,100
quartic set [d=3],Non-reversible anchored Langevin,690,0.069,0.495125,0.06718225108695831,0.49355000000000004,0.0635643513903569,100
quartic set [d=3],Non-reversible anchored Langevin,700,0.07,0.48077500000000006,0.07171114502437588,0.48219999999999996,0.0696557915246772,100
quartic set [d=3],Non-reversible anchored Langevin,710,0.07100000000000001,0.49285625000000005,0.06793346923357135,0.49169999999999997,0.06504842795792977,100
quartic set [d=3],Non-reversible anchored Langevin,720,0.07200000000000001,0.5022499999999999,0.06171207889723195,0.5035000000000001,0.06128258770283411,100
quartic set [d=3],Non-reversible anchored Langevin,730,0.07300000000000001,0.48443749999999997,0.06837400050974837,0.484525,0.0626817508844432,100
quartic set [d=3],Non-reversible anchored Langevin,740,0.07400000000000001,0.49200000000000005,0.06226420165778092,0.4907250000000001,0.058761733193284794,100
quartic set [d=3],Non-reversible anchored Langevin,750,0.075,0.4859375,0.07029140396207487,0.4828,0.06631753276106668,100
quartic set [d=3],Non-reversible anchored Langevin,760,0.076,0.49674375,0.06984460876418248,0.49875,0.06353387309383104,100
quartic set [d=3],Non-reversible anchored Langevin,770,0.077,0.48888125000000004,0.06920905595694844,0.487075,0.06791822827726907,100
quartic set [d=3],Non-reversible anchored Langevin,780,0.078,0.4999625,0.058653734531527904,0.5007749999999999,0.05452121146856515,100
quartic set [d=3],Non-reversible anchored Langevin,790,0.079,0.49692499999999995,0.06794859353685229,0.497125,0.06424323943522238,100
quartic set [d=3],Non-reversible anchored Langevin,800,0.08,0.4927624999999999,0.05812382425225539,0.49329999999999996,0.05226061344044592,100
quartic set [d=3],Non-reversible anchored Langevin,810,0.081,0.49490625,0.06749078541435088,0.496225,0.060518065380295645,100
quartic set [d=3],Non-reversible anchored Langevin,820,0.082,0.48448749999999996,0.06579714554882861,0.48804999999999993,0.05725362235463598,100
quartic set [d=3],Non-reversible anchored Langevin,830,0.083,0.49121875,0.06369838318110094,0.4930250000000001,0.06007076529755837,100
quartic set [d=3],Non-reversible anchored Langevin,840,0.084,0.49768124999999996,0.07096268798138167,0.5021749999999999,0.06774753993073598,100
quartic set [d=3],Non-reversible anchored Langevin,850,0.085,0.5050187500000001,0.06617607457113137,0.5052,0.06504338101714435,100
quartic set [d=3],Non-reversible anchored Langevin,860,0.08600000000000001,0.48825625,0.06708740900239062,0.49045,0.06407005714233617,100
quartic set [d=3],Non-reversible anchored Langevin,870,0.08700000000000001,0.49919374999999994,0.07061861925900265,0.49737499999999996,0.0690112117592848,100
quartic set [d=3],Non-reversible anchored Langevin,880,0.08800000000000001,0.49229999999999996,0.07543287746417508,0.49362500000000004,0.07399441608061456,100
quartic set [d=3],Non-reversible anchored Langevin,890,0.08900000000000001,0.49511249999999996,0.0724870667234626,0.49222499999999997,0.06803695427093019,100
quartic set [d=3],Non-reversible anchored Langevin,900,0.09000000000000001,0.49504375,0.07173497311891329,0.495225,0.06313975100177112,100
quartic set [d=3],Non-reversible anchored Langevin,910,0.091,0.4873374999999999,0.05371266762020658,0.4912499999999999,0.04692905132842406,100
quartic set [d=3],Non-reversible anchored Langevin,920,0.092,0.4931999999999999,0.06870311073191973,0.49154999999999993,0.06576644089104068,100
quartic set [d=3],Non-reversible anchored Langevin,930,0.093,0.4979375,0.07268439737986926,0.49707499999999993,0.06895143126677918,100
quartic set [d=3],Non-reversible anchored Langevin,940,0.094,0.48203125,0.07223263434439317,0.48132500000000006,0.06760556186401748,100
quartic set [d=3],Non-reversible anchored Langevin,950,0.095,0.4911000000000001,0.06020568700276368,0.49349999999999994,0.058797933379473206,100
quartic set [d=3],Non-reversible anchored Langevin,960,0.096,0.48813750000000006,0.06979175033916286,0.48965000000000003,0.06231439106124148,100
quartic set [d=3],Non-reversible anchored Langevin,970,0.097,0.4968625,0.06801106448716096,0.498025,0.062446234449882544,100
quartic set [d=3],Non-reversible anchored Langevin,980,0.098,0.48357500000000003,0.06365393584044743,0.48474999999999996,0.056565752389889964,100
quartic set [d=3],Non-reversible anchored Langevin,990,0.099,0.49361875,0.07257866981982831,0.4954249999999999,0.06920002390231385,100
quartic set [d=3],Non-reversible anchored Langevin,1000,0.1,0.49166875,0.0718986322040667,0.4931499999999999,0.06877960336018112,100
